Year_temp,Temp,Date_ice,Extent,Australia_year,GHG_Aus,EU_year,GHG_EU,US_year,GHG_US
1895,50.34,10/26/78,10.231,1990,278265.8989,1990,4462205.145,1990,5115095.047
1896,51.99,10/28/78,10.42,1991,279741.639,1991,4403723.161,1991,5064879.75
1897,51.56,10/30/78,10.557,1992,284766.0927,1992,4259922.812,1992,5170274.35
1898,51.43,11/1/78,10.67,1993,289142.2677,1993,4177106.509,1993,5284758.62
1899,51.01,11/3/78,10.777,1994,293830.7091,1994,4161321.317,1994,5377492.217
1900,52.77,11/5/78,10.968,1995,305162.5435,1995,4204480.856,1995,5441599.23
1901,51.87,11/7/78,11.08,1996,311914.8198,1996,4304793.283,1996,5630113.715
1902,51.59,11/9/78,11.189,1997,320439.1168,1997,4216524.733,1997,5704996.869
1903,50.62,11/11/78,11.314,1998,334328.1426,1998,4207666.032,1998,5744672.196
1904,51.16,11/13/78,11.46,1999,343713.9069,1999,4139002.995,1999,5818972.385
1905,51,11/15/78,11.539,2000,349885.4331,2000,4165145.441,2000,5992438.04
1906,51.73,11/17/78,11.696,2001,357653.3299,2001,4232036.863,2001,5894462.942
1907,51.48,11/19/78,11.87,2002,361861.3879,2002,4208860.123,2002,5935738.784
1908,52.08,11/21/78,12.053,2003,368345.9774,2003,4306103.945,2003,5982289.167
1909,51.43,11/23/78,12.274,2004,381519.2616,2004,4314560.871,2004,6096978.363
1910,52.42,11/25/78,12.441,2005,385581.1328,2005,4290586.668,2005,6122746.612
1911,52.03,11/27/78,12.662,2006,391134.1009,2006,4297988.162,2006,6042393.615
1912,50.23,11/29/78,12.684,2007,398816.4535,2007,4244213.129,2007,6121653.863
1913,51.54,12/1/78,12.725,2008,404237.8282,2008,4149624.296,2008,5923201.376
1914,51.84,12/3/78,12.66,2009,408448.479,2009,3814305.258,2009,5488320.28
1915,51.45,12/5/78,12.785,2010,406200.9932,2010,3933290.522,2010,5688756.005
1916,50.85,12/7/78,13.051,2011,403705.5283,2011,3789763.641,2011,5559507.664
1917,50.06,12/9/78,13.143,2012,406462.8477,2012,3728965.031,2012,5349220.947
1918,51.87,12/11/78,13.437,2013,396913.9365,2013,3646389.525,2013,5502550.714
1919,51.55,12/13/78,13.603,2014,393126.947,2014,3463397.564,2014,5556006.578
1920,51.07,12/15/78,13.649,,,,,,
1921,53.8,12/17/78,13.807,,,,,,
1922,52.03,12/19/78,13.892,,,,,,
1923,51.64,12/21/78,13.996,,,,,,
1924,50.59,12/23/78,14.189,,,,,,
1925,52.52,12/25/78,14.268,,,,,,
1926,51.95,12/27/78,14.383,,,,,,
1927,52.15,12/29/78,14.5,,,,,,
1928,51.92,12/31/78,14.585,,,,,,
1929,50.85,1/2/79,14.997,,,,,,
1930,51.98,1/4/79,14.922,,,,,,
1931,53.54,1/6/79,14.929,,,,,,
1932,51.73,1/8/79,14.968,,,,,,
1933,52.99,1/10/79,15.19,,,,,,
1934,54.1,1/12/79,15.327,,,,,,
1935,51.9,1/14/79,15.352,,,,,,
1936,52.15,1/16/79,15.5,,,,,,
1937,51.55,1/18/79,15.517,,,,,,
1938,53.18,1/20/79,15.709,,,,,,
1939,53.26,1/22/79,15.679,,,,,,
1940,51.89,1/24/79,15.745,,,,,,
1941,52.66,1/26/79,15.686,,,,,,
1942,51.84,1/28/79,15.777,,,,,,
1943,52.07,1/30/79,15.912,,,,,,
1944,51.83,2/1/79,15.857,,,,,,
1945,51.75,2/3/79,15.839,,,,,,
1946,52.95,2/5/79,15.831,,,,,,
1947,51.92,2/7/79,15.801,,,,,,
1948,51.61,2/9/79,15.99,,,,,,
1949,52.02,2/11/79,16.099,,,,,,
1950,51.39,2/13/79,16.289,,,,,,
1951,51.12,2/15/79,16.323,,,,,,
1952,52.27,2/17/79,16.343,,,,,,
1953,53.37,2/19/79,16.291,,,,,,
1954,53.33,2/21/79,16.26,,,,,,
1955,51.69,2/23/79,16.401,,,,,,
1956,52.34,2/25/79,16.579,,,,,,
1957,52.04,2/27/79,16.551,,,,,,
1958,51.93,3/1/79,16.635,,,,,,
1959,52.1,3/3/79,16.457,,,,,,
1960,51.44,3/5/79,16.568,,,,,,
1961,51.87,3/7/79,16.547,,,,,,
1962,51.9,3/9/79,16.536,,,,,,
1963,52.26,3/11/79,16.513,,,,,,
1964,51.67,3/13/79,16.414,,,,,,
1965,51.69,3/15/79,16.31,,,,,,
1966,51.49,3/17/79,16.467,,,,,,
1967,51.76,3/19/79,16.505,,,,,,
1968,51.32,3/21/79,16.349,,,,,,
1969,51.5,3/23/79,16.279,,,,,,
1970,51.61,3/25/79,16.264,,,,,,
1971,51.66,3/27/79,16.06,,,,,,
1972,51.37,3/29/79,15.763,,,,,,
1973,52.29,3/31/79,15.804,,,,,,
1974,52.26,4/2/79,15.66,,,,,,
1975,51.5,4/4/79,15.641,,,,,,
1976,51.47,4/6/79,15.695,,,,,,
1977,52.55,4/8/79,15.794,,,,,,
1978,51.04,4/10/79,15.761,,,,,,
1979,50.88,4/12/79,15.655,,,,,,
1980,52.39,4/14/79,15.5,,,,,,
1981,53.12,4/16/79,15.454,,,,,,
1982,51.34,4/18/79,15.51,,,,,,
1983,51.88,4/20/79,15.343,,,,,,
1984,51.97,4/22/79,15.255,,,,,,
1985,51.3,4/24/79,15.224,,,,,,
1986,53.32,4/26/79,15.141,,,,,,
1987,53.33,4/28/79,15.108,,,,,,
1988,52.63,4/30/79,14.961,,,,,,
1989,51.84,5/2/79,14.626,,,,,,
1990,53.51,5/4/79,14.498,,,,,,
1991,53.16,5/6/79,14.45,,,,,,
1992,52.6,5/8/79,14.325,,,,,,
1993,51.26,5/10/79,14.149,,,,,,
1994,52.87,5/12/79,14.012,,,,,,
1995,52.65,5/14/79,13.836,,,,,,
1996,51.88,5/16/79,13.862,,,,,,
1997,52.2,5/18/79,13.691,,,,,,
1998,54.23,5/20/79,13.56,,,,,,
1999,53.88,5/22/79,13.529,,,,,,
2000,53.27,5/24/79,13.364,,,,,,
2001,53.69,5/26/79,13.399,,,,,,
2002,53.21,5/28/79,13.292,,,,,,
2003,53.26,5/30/79,13.26,,,,,,
2004,53.1,6/1/79,13.076,,,,,,
2005,53.64,6/3/79,12.977,,,,,,
2006,54.25,6/5/79,12.832,,,,,,
2007,53.65,6/7/79,12.791,,,,,,
2008,52.29,6/9/79,12.854,,,,,,
2009,52.39,6/11/79,12.733,,,,,,
2010,52.98,6/13/79,12.673,,,,,,
2011,53.18,6/15/79,12.548,,,,,,
2012,55.28,6/17/79,12.517,,,,,,
2013,52.43,6/19/79,12.415,,,,,,
2014,52.54,6/21/79,12.373,,,,,,
2015,54.4,6/23/79,12.243,,,,,,
2016,54.92,6/25/79,12.112,,,,,,
2017,54.55,6/27/79,11.977,,,,,,
2018,53.52,6/29/79,11.829,,,,,,
2019,52.68,7/1/79,11.562,,,,,,
2020,54.36,7/3/79,11.363,,,,,,
,,7/5/79,11.255,,,,,,
,,7/7/79,10.936,,,,,,
,,7/9/79,10.793,,,,,,
,,7/11/79,10.662,,,,,,
,,7/13/79,10.503,,,,,,
,,7/15/79,10.401,,,,,,
,,7/17/79,10.256,,,,,,
,,7/19/79,9.927,,,,,,
,,7/21/79,9.919,,,,,,
,,7/23/79,9.668,,,,,,
,,7/25/79,9.614,,,,,,
,,7/27/79,9.556,,,,,,
,,7/29/79,9.342,,,,,,
,,7/31/79,9.223,,,,,,
,,8/2/79,9,,,,,,
,,8/4/79,8.859,,,,,,
,,8/6/79,8.744,,,,,,
,,8/8/79,8.61,,,,,,
,,8/10/79,8.328,,,,,,
,,8/12/79,8.284,,,,,,
,,8/14/79,8.138,,,,,,
,,8/16/79,7.971,,,,,,
,,8/18/79,7.811,,,,,,
,,8/20/79,7.659,,,,,,
,,8/22/79,7.566,,,,,,
,,8/24/79,7.577,,,,,,
,,8/26/79,7.421,,,,,,
,,8/28/79,7.364,,,,,,
,,8/30/79,7.284,,,,,,
,,9/1/79,7.228,,,,,,
,,9/3/79,7.147,,,,,,
,,9/5/79,7.037,,,,,,
,,9/7/79,7.075,,,,,,
,,9/9/79,7.092,,,,,,
,,9/11/79,6.981,,,,,,
,,9/13/79,7.003,,,,,,
,,9/15/79,7.007,,,,,,
,,9/17/79,7.001,,,,,,
,,9/19/79,6.91,,,,,,
,,9/21/79,6.895,,,,,,
,,9/23/79,7.033,,,,,,
,,9/25/79,7.058,,,,,,
,,9/27/79,7.127,,,,,,
,,9/29/79,7.173,,,,,,
,,10/1/79,7.404,,,,,,
,,10/3/79,7.534,,,,,,
,,10/5/79,7.813,,,,,,
,,10/7/79,7.878,,,,,,
,,10/9/79,8.115,,,,,,
,,10/11/79,8.136,,,,,,
,,10/13/79,8.338,,,,,,
,,10/15/79,8.57,,,,,,
,,10/17/79,8.938,,,,,,
,,10/19/79,9.19,,,,,,
,,10/21/79,9.295,,,,,,
,,10/23/79,9.466,,,,,,
,,10/25/79,9.7,,,,,,
,,10/27/79,9.869,,,,,,
,,10/29/79,9.797,,,,,,
,,10/31/79,9.924,,,,,,
,,11/2/79,10.144,,,,,,
,,11/4/79,10.159,,,,,,
,,11/6/79,10.267,,,,,,
,,11/8/79,10.27,,,,,,
,,11/10/79,10.497,,,,,,
,,11/12/79,10.61,,,,,,
,,11/14/79,10.8,,,,,,
,,11/16/79,10.92,,,,,,
,,11/18/79,11.01,,,,,,
,,11/20/79,11.157,,,,,,
,,11/22/79,11.352,,,,,,
,,11/24/79,11.419,,,,,,
,,11/26/79,11.581,,,,,,
,,11/28/79,11.884,,,,,,
,,11/30/79,12.076,,,,,,
,,12/2/79,12.39,,,,,,
,,12/4/79,12.462,,,,,,
,,12/6/79,12.781,,,,,,
,,12/8/79,12.991,,,,,,
,,12/10/79,13.101,,,,,,
,,12/12/79,13.292,,,,,,
,,12/14/79,13.268,,,,,,
,,12/16/79,13.322,,,,,,
,,12/18/79,13.377,,,,,,
,,12/20/79,13.541,,,,,,
,,12/22/79,13.619,,,,,,
,,12/24/79,13.773,,,,,,
,,12/26/79,13.934,,,,,,
,,12/28/79,14.101,,,,,,
,,12/30/79,14.092,,,,,,
,,1/1/80,14.2,,,,,,
,,1/3/80,14.302,,,,,,
,,1/5/80,14.414,,,,,,
,,1/7/80,14.518,,,,,,
,,1/9/80,14.594,,,,,,
,,1/11/80,14.665,,,,,,
,,1/13/80,14.771,,,,,,
,,1/15/80,14.831,,,,,,
,,1/17/80,14.957,,,,,,
,,1/19/80,15.12,,,,,,
,,1/21/80,15.141,,,,,,
,,1/23/80,15.195,,,,,,
,,1/25/80,15.209,,,,,,
,,1/27/80,15.124,,,,,,
,,1/29/80,15.258,,,,,,
,,1/31/80,15.491,,,,,,
,,2/2/80,15.401,,,,,,
,,2/4/80,15.639,,,,,,
,,2/6/80,15.76,,,,,,
,,2/8/80,15.888,,,,,,
,,2/10/80,15.895,,,,,,
,,2/12/80,15.97,,,,,,
,,2/14/80,16.017,,,,,,
,,2/16/80,16.095,,,,,,
,,2/18/80,16.095,,,,,,
,,2/20/80,16.17,,,,,,
,,2/22/80,16.066,,,,,,
,,2/24/80,16.087,,,,,,
,,2/26/80,16.069,,,,,,
,,2/28/80,16.22,,,,,,
,,3/1/80,16.157,,,,,,
,,3/3/80,16.248,,,,,,
,,3/5/80,16.302,,,,,,
,,3/7/80,16.289,,,,,,
,,3/9/80,16.168,,,,,,
,,3/11/80,16.04,,,,,,
,,3/13/80,15.966,,,,,,
,,3/15/80,15.994,,,,,,
,,3/17/80,15.988,,,,,,
,,3/19/80,16.005,,,,,,
,,3/21/80,15.946,,,,,,
,,3/23/80,15.945,,,,,,
,,3/25/80,15.923,,,,,,
,,3/27/80,15.986,,,,,,
,,3/29/80,15.891,,,,,,
,,3/31/80,15.813,,,,,,
,,4/2/80,15.681,,,,,,
,,4/4/80,15.664,,,,,,
,,4/6/80,15.707,,,,,,
,,4/8/80,15.653,,,,,,
,,4/10/80,15.644,,,,,,
,,4/12/80,15.652,,,,,,
,,4/14/80,15.523,,,,,,
,,4/16/80,15.509,,,,,,
,,4/18/80,15.39,,,,,,
,,4/20/80,15.376,,,,,,
,,4/22/80,15.406,,,,,,
,,4/24/80,15.259,,,,,,
,,4/26/80,15.117,,,,,,
,,4/28/80,14.996,,,,,,
,,4/30/80,14.859,,,,,,
,,5/2/80,14.718,,,,,,
,,5/4/80,14.549,,,,,,
,,5/6/80,14.412,,,,,,
,,5/8/80,14.32,,,,,,
,,5/10/80,14.186,,,,,,
,,5/12/80,14.011,,,,,,
,,5/14/80,13.843,,,,,,
,,5/16/80,13.757,,,,,,
,,5/18/80,13.672,,,,,,
,,5/20/80,13.531,,,,,,
,,5/22/80,13.405,,,,,,
,,5/24/80,13.34,,,,,,
,,5/26/80,13.206,,,,,,
,,5/28/80,13.023,,,,,,
,,5/30/80,12.916,,,,,,
,,6/1/80,12.766,,,,,,
,,6/3/80,12.706,,,,,,
,,6/5/80,12.614,,,,,,
,,6/7/80,12.61,,,,,,
,,6/9/80,12.586,,,,,,
,,6/11/80,12.468,,,,,,
,,6/13/80,12.278,,,,,,
,,6/15/80,12.269,,,,,,
,,6/17/80,12.13,,,,,,
,,6/19/80,12.043,,,,,,
,,6/21/80,12.007,,,,,,
,,6/23/80,11.842,,,,,,
,,6/25/80,11.699,,,,,,
,,6/27/80,11.585,,,,,,
,,6/29/80,11.466,,,,,,
,,7/1/80,11.283,,,,,,
,,7/3/80,11.075,,,,,,
,,7/5/80,10.983,,,,,,
,,7/7/80,10.852,,,,,,
,,7/9/80,10.7,,,,,,
,,7/11/80,10.575,,,,,,
,,7/13/80,10.307,,,,,,
,,7/15/80,10.203,,,,,,
,,7/17/80,9.946,,,,,,
,,7/19/80,9.847,,,,,,
,,7/21/80,9.779,,,,,,
,,7/23/80,9.594,,,,,,
,,7/25/80,9.358,,,,,,
,,7/27/80,9.166,,,,,,
,,7/29/80,9.065,,,,,,
,,7/31/80,8.868,,,,,,
,,8/2/80,8.76,,,,,,
,,8/4/80,8.611,,,,,,
,,8/6/80,8.548,,,,,,
,,8/8/80,8.348,,,,,,
,,8/10/80,8.202,,,,,,
,,8/12/80,8.041,,,,,,
,,8/14/80,7.82,,,,,,
,,8/16/80,7.765,,,,,,
,,8/18/80,7.761,,,,,,
,,8/20/80,7.717,,,,,,
,,8/22/80,7.758,,,,,,
,,8/24/80,7.578,,,,,,
,,8/26/80,7.667,,,,,,
,,8/28/80,7.588,,,,,,
,,8/30/80,7.6,,,,,,
,,9/1/80,7.544,,,,,,
,,9/3/80,7.555,,,,,,
,,9/5/80,7.533,,,,,,
,,9/7/80,7.574,,,,,,
,,9/9/80,7.56,,,,,,
,,9/11/80,7.557,,,,,,
,,9/13/80,7.543,,,,,,
,,9/15/80,7.602,,,,,,
,,9/17/80,7.58,,,,,,
,,9/19/80,7.651,,,,,,
,,9/21/80,7.686,,,,,,
,,9/23/80,7.782,,,,,,
,,9/25/80,7.854,,,,,,
,,9/27/80,7.966,,,,,,
,,9/29/80,8.019,,,,,,
,,10/1/80,8.223,,,,,,
,,10/3/80,8.213,,,,,,
,,10/5/80,8.485,,,,,,
,,10/7/80,8.532,,,,,,
,,10/9/80,8.809,,,,,,
,,10/11/80,8.975,,,,,,
,,10/13/80,9.161,,,,,,
,,10/15/80,9.218,,,,,,
,,10/17/80,9.272,,,,,,
,,10/19/80,9.389,,,,,,
,,10/21/80,9.468,,,,,,
,,10/23/80,9.586,,,,,,
,,10/25/80,9.643,,,,,,
,,10/27/80,9.841,,,,,,
,,10/29/80,9.911,,,,,,
,,10/31/80,10.198,,,,,,
,,11/2/80,10.42,,,,,,
,,11/4/80,10.523,,,,,,
,,11/6/80,10.652,,,,,,
,,11/8/80,10.789,,,,,,
,,11/10/80,10.88,,,,,,
,,11/12/80,10.976,,,,,,
,,11/14/80,11.087,,,,,,
,,11/16/80,11.217,,,,,,
,,11/18/80,11.337,,,,,,
,,11/20/80,11.628,,,,,,
,,11/22/80,11.78,,,,,,
,,11/24/80,12.096,,,,,,
,,11/26/80,12.256,,,,,,
,,11/28/80,12.476,,,,,,
,,11/30/80,12.626,,,,,,
,,12/2/80,12.643,,,,,,
,,12/4/80,13.032,,,,,,
,,12/6/80,13.122,,,,,,
,,12/8/80,13.298,,,,,,
,,12/10/80,13.334,,,,,,
,,12/12/80,13.569,,,,,,
,,12/14/80,13.685,,,,,,
,,12/16/80,13.91,,,,,,
,,12/18/80,13.762,,,,,,
,,12/20/80,13.697,,,,,,
,,12/22/80,13.779,,,,,,
,,12/24/80,13.798,,,,,,
,,12/26/80,14,,,,,,
,,12/28/80,14.172,,,,,,
,,12/30/80,14.093,,,,,,
,,1/1/81,14.256,,,,,,
,,1/3/81,14.456,,,,,,
,,1/5/81,14.435,,,,,,
,,1/7/81,14.689,,,,,,
,,1/9/81,14.619,,,,,,
,,1/11/81,14.69,,,,,,
,,1/13/81,14.649,,,,,,
,,1/15/81,14.748,,,,,,
,,1/17/81,14.998,,,,,,
,,1/19/81,15.066,,,,,,
,,1/21/81,15.055,,,,,,
,,1/23/81,15.17,,,,,,
,,1/25/81,15.244,,,,,,
,,1/27/81,15.35,,,,,,
,,1/29/81,15.503,,,,,,
,,1/31/81,15.627,,,,,,
,,2/2/81,15.646,,,,,,
,,2/4/81,15.663,,,,,,
,,2/6/81,15.629,,,,,,
,,2/8/81,15.541,,,,,,
,,2/10/81,15.44,,,,,,
,,2/12/81,15.474,,,,,,
,,2/14/81,15.482,,,,,,
,,2/16/81,15.575,,,,,,
,,2/18/81,15.592,,,,,,
,,2/20/81,15.731,,,,,,
,,2/22/81,15.654,,,,,,
,,2/24/81,15.706,,,,,,
,,2/26/81,15.667,,,,,,
,,2/28/81,15.657,,,,,,
,,3/2/81,15.628,,,,,,
,,3/4/81,15.726,,,,,,
,,3/6/81,15.646,,,,,,
,,3/8/81,15.644,,,,,,
,,3/10/81,15.733,,,,,,
,,3/12/81,15.657,,,,,,
,,3/14/81,15.801,,,,,,
,,3/16/81,15.771,,,,,,
,,3/18/81,15.528,,,,,,
,,3/20/81,15.621,,,,,,
,,3/22/81,15.535,,,,,,
,,3/24/81,15.559,,,,,,
,,3/26/81,15.626,,,,,,
,,3/28/81,15.517,,,,,,
,,3/30/81,15.481,,,,,,
,,4/1/81,15.44,,,,,,
,,4/3/81,15.221,,,,,,
,,4/5/81,15.224,,,,,,
,,4/7/81,15.242,,,,,,
,,4/9/81,15.202,,,,,,
,,4/11/81,15.135,,,,,,
,,4/13/81,15.11,,,,,,
,,4/15/81,15.086,,,,,,
,,4/17/81,14.983,,,,,,
,,4/19/81,14.95,,,,,,
,,4/21/81,14.92,,,,,,
,,4/23/81,14.844,,,,,,
,,4/25/81,14.714,,,,,,
,,4/27/81,14.564,,,,,,
,,4/29/81,14.514,,,,,,
,,5/1/81,14.272,,,,,,
,,5/3/81,14.285,,,,,,
,,5/5/81,14.249,,,,,,
,,5/7/81,14.077,,,,,,
,,5/9/81,14.083,,,,,,
,,5/11/81,14.072,,,,,,
,,5/13/81,14.025,,,,,,
,,5/15/81,13.928,,,,,,
,,5/17/81,13.843,,,,,,
,,5/19/81,13.752,,,,,,
,,5/21/81,13.568,,,,,,
,,5/23/81,13.464,,,,,,
,,5/25/81,13.378,,,,,,
,,5/27/81,13.333,,,,,,
,,5/29/81,13.275,,,,,,
,,5/31/81,13.222,,,,,,
,,6/2/81,13.059,,,,,,
,,6/4/81,13.002,,,,,,
,,6/6/81,12.954,,,,,,
,,6/8/81,12.863,,,,,,
,,6/10/81,12.721,,,,,,
,,6/12/81,12.652,,,,,,
,,6/14/81,12.487,,,,,,
,,6/16/81,12.465,,,,,,
,,6/18/81,12.364,,,,,,
,,6/20/81,12.216,,,,,,
,,6/22/81,12.064,,,,,,
,,6/24/81,12.003,,,,,,
,,6/26/81,12.013,,,,,,
,,6/28/81,11.796,,,,,,
,,6/30/81,11.787,,,,,,
,,7/2/81,11.428,,,,,,
,,7/4/81,11.33,,,,,,
,,7/6/81,11.181,,,,,,
,,7/8/81,11.022,,,,,,
,,7/10/81,10.894,,,,,,
,,7/12/81,10.691,,,,,,
,,7/14/81,10.643,,,,,,
,,7/16/81,10.354,,,,,,
,,7/18/81,10.127,,,,,,
,,7/20/81,9.826,,,,,,
,,7/22/81,9.788,,,,,,
,,7/24/81,9.538,,,,,,
,,7/26/81,9.22,,,,,,
,,7/28/81,9.106,,,,,,
,,7/30/81,8.917,,,,,,
,,8/1/81,8.733,,,,,,
,,8/3/81,8.587,,,,,,
,,8/5/81,8.326,,,,,,
,,8/7/81,8.176,,,,,,
,,8/9/81,8,,,,,,
,,8/11/81,7.917,,,,,,
,,8/13/81,7.883,,,,,,
,,8/15/81,7.804,,,,,,
,,8/17/81,7.724,,,,,,
,,8/19/81,7.667,,,,,,
,,8/21/81,7.593,,,,,,
,,8/23/81,7.53,,,,,,
,,8/25/81,7.495,,,,,,
,,8/27/81,7.408,,,,,,
,,8/29/81,7.296,,,,,,
,,8/31/81,7.37,,,,,,
,,9/2/81,7.203,,,,,,
,,9/4/81,7.162,,,,,,
,,9/6/81,6.992,,,,,,
,,9/8/81,7.046,,,,,,
,,9/10/81,6.902,,,,,,
,,9/12/81,6.904,,,,,,
,,9/14/81,6.952,,,,,,
,,9/16/81,6.951,,,,,,
,,9/18/81,7.002,,,,,,
,,9/20/81,7.053,,,,,,
,,9/22/81,7.231,,,,,,
,,9/24/81,7.261,,,,,,
,,9/26/81,7.303,,,,,,
,,9/28/81,7.489,,,,,,
,,9/30/81,7.626,,,,,,
,,10/2/81,7.987,,,,,,
,,10/4/81,8.087,,,,,,
,,10/6/81,8.151,,,,,,
,,10/8/81,8.354,,,,,,
,,10/10/81,8.416,,,,,,
,,10/12/81,8.63,,,,,,
,,10/14/81,8.904,,,,,,
,,10/16/81,9.037,,,,,,
,,10/18/81,9.062,,,,,,
,,10/20/81,9.134,,,,,,
,,10/22/81,9.096,,,,,,
,,10/24/81,9.233,,,,,,
,,10/26/81,9.425,,,,,,
,,10/28/81,9.609,,,,,,
,,10/30/81,9.719,,,,,,
,,11/1/81,9.905,,,,,,
,,11/3/81,9.929,,,,,,
,,11/5/81,10.337,,,,,,
,,11/7/81,10.518,,,,,,
,,11/9/81,10.51,,,,,,
,,11/11/81,10.631,,,,,,
,,11/13/81,10.908,,,,,,
,,11/15/81,10.965,,,,,,
,,11/17/81,11.197,,,,,,
,,11/19/81,11.177,,,,,,
,,11/21/81,11.273,,,,,,
,,11/23/81,11.417,,,,,,
,,11/25/81,11.611,,,,,,
,,11/27/81,11.675,,,,,,
,,11/29/81,11.882,,,,,,
,,12/1/81,11.99,,,,,,
,,12/3/81,12.336,,,,,,
,,12/5/81,12.507,,,,,,
,,12/7/81,12.698,,,,,,
,,12/9/81,12.816,,,,,,
,,12/11/81,12.948,,,,,,
,,12/13/81,13.217,,,,,,
,,12/15/81,13.418,,,,,,
,,12/17/81,13.635,,,,,,
,,12/19/81,13.802,,,,,,
,,12/21/81,13.893,,,,,,
,,12/23/81,13.877,,,,,,
,,12/25/81,14.016,,,,,,
,,12/27/81,13.953,,,,,,
,,12/29/81,14.128,,,,,,
,,12/31/81,14.224,,,,,,
,,1/2/82,14.479,,,,,,
,,1/4/82,14.642,,,,,,
,,1/6/82,14.88,,,,,,
,,1/8/82,14.993,,,,,,
,,1/10/82,15.052,,,,,,
,,1/12/82,15.141,,,,,,
,,1/14/82,15.138,,,,,,
,,1/16/82,15.22,,,,,,
,,1/18/82,15.227,,,,,,
,,1/20/82,15.208,,,,,,
,,1/22/82,15.283,,,,,,
,,1/24/82,15.391,,,,,,
,,1/26/82,15.547,,,,,,
,,1/28/82,15.695,,,,,,
,,1/30/82,15.755,,,,,,
,,2/1/82,15.836,,,,,,
,,2/3/82,15.841,,,,,,
,,2/5/82,15.85,,,,,,
,,2/7/82,15.797,,,,,,
,,2/9/82,15.829,,,,,,
,,2/11/82,15.748,,,,,,
,,2/13/82,15.854,,,,,,
,,2/15/82,15.857,,,,,,
,,2/17/82,16.058,,,,,,
,,2/19/82,16.087,,,,,,
,,2/21/82,16.094,,,,,,
,,2/23/82,16.143,,,,,,
,,2/25/82,16.31,,,,,,
,,2/27/82,16.325,,,,,,
,,3/1/82,16.234,,,,,,
,,3/3/82,16.293,,,,,,
,,3/5/82,16.315,,,,,,
,,3/7/82,16.309,,,,,,
,,3/9/82,16.123,,,,,,
,,3/11/82,16.099,,,,,,
,,3/13/82,16.005,,,,,,
,,3/15/82,15.955,,,,,,
,,3/17/82,15.905,,,,,,
,,3/19/82,15.938,,,,,,
,,3/21/82,15.911,,,,,,
,,3/23/82,15.898,,,,,,
,,3/25/82,15.929,,,,,,
,,3/27/82,15.875,,,,,,
,,3/29/82,15.931,,,,,,
,,3/31/82,15.982,,,,,,
,,4/2/82,15.945,,,,,,
,,4/4/82,15.943,,,,,,
,,4/6/82,15.859,,,,,,
,,4/8/82,15.581,,,,,,
,,4/10/82,15.577,,,,,,
,,4/12/82,15.491,,,,,,
,,4/14/82,15.627,,,,,,
,,4/16/82,15.528,,,,,,
,,4/18/82,15.448,,,,,,
,,4/20/82,15.387,,,,,,
,,4/22/82,15.276,,,,,,
,,4/24/82,15.135,,,,,,
,,4/26/82,15.105,,,,,,
,,4/28/82,15.091,,,,,,
,,4/30/82,14.997,,,,,,
,,5/2/82,14.786,,,,,,
,,5/4/82,14.679,,,,,,
,,5/6/82,14.511,,,,,,
,,5/8/82,14.319,,,,,,
,,5/10/82,14.222,,,,,,
,,5/12/82,14.137,,,,,,
,,5/14/82,14.083,,,,,,
,,5/16/82,14.003,,,,,,
,,5/18/82,13.853,,,,,,
,,5/20/82,13.653,,,,,,
,,5/22/82,13.576,,,,,,
,,5/24/82,13.583,,,,,,
,,5/26/82,13.543,,,,,,
,,5/28/82,13.38,,,,,,
,,5/30/82,13.27,,,,,,
,,6/1/82,13.091,,,,,,
,,6/3/82,12.99,,,,,,
,,6/5/82,12.874,,,,,,
,,6/7/82,12.834,,,,,,
,,6/9/82,12.75,,,,,,
,,6/11/82,12.709,,,,,,
,,6/13/82,12.678,,,,,,
,,6/15/82,12.652,,,,,,
,,6/17/82,12.476,,,,,,
,,6/19/82,12.317,,,,,,
,,6/21/82,12.145,,,,,,
,,6/23/82,12.079,,,,,,
,,6/25/82,11.918,,,,,,
,,6/27/82,11.868,,,,,,
,,6/29/82,11.76,,,,,,
,,7/1/82,11.425,,,,,,
,,7/3/82,11.442,,,,,,
,,7/5/82,11.344,,,,,,
,,7/7/82,11.165,,,,,,
,,7/9/82,11.043,,,,,,
,,7/11/82,10.816,,,,,,
,,7/13/82,10.664,,,,,,
,,7/15/82,10.436,,,,,,
,,7/17/82,10.264,,,,,,
,,7/19/82,10.179,,,,,,
,,7/21/82,10.022,,,,,,
,,7/23/82,9.782,,,,,,
,,7/25/82,9.638,,,,,,
,,7/27/82,9.417,,,,,,
,,7/29/82,9.22,,,,,,
,,7/31/82,9.016,,,,,,
,,8/2/82,8.939,,,,,,
,,8/4/82,8.746,,,,,,
,,8/6/82,8.672,,,,,,
,,8/8/82,8.45,,,,,,
,,8/10/82,8.437,,,,,,
,,8/12/82,8.366,,,,,,
,,8/14/82,8.152,,,,,,
,,8/16/82,8.008,,,,,,
,,8/18/82,8.027,,,,,,
,,8/20/82,7.915,,,,,,
,,8/22/82,7.79,,,,,,
,,8/24/82,7.759,,,,,,
,,8/26/82,7.7,,,,,,
,,8/28/82,7.582,,,,,,
,,8/30/82,7.55,,,,,,
,,9/1/82,7.404,,,,,,
,,9/3/82,7.248,,,,,,
,,9/5/82,7.233,,,,,,
,,9/7/82,7.182,,,,,,
,,9/9/82,7.18,,,,,,
,,9/11/82,7.173,,,,,,
,,9/13/82,7.16,,,,,,
,,9/15/82,7.196,,,,,,
,,9/17/82,7.197,,,,,,
,,9/19/82,7.224,,,,,,
,,9/21/82,7.329,,,,,,
,,9/23/82,7.422,,,,,,
,,9/25/82,7.417,,,,,,
,,9/27/82,7.495,,,,,,
,,9/29/82,7.666,,,,,,
,,10/1/82,7.768,,,,,,
,,10/3/82,8.016,,,,,,
,,10/5/82,8.184,,,,,,
,,10/7/82,8.331,,,,,,
,,10/9/82,8.875,,,,,,
,,10/11/82,9.179,,,,,,
,,10/13/82,9.429,,,,,,
,,10/15/82,9.608,,,,,,
,,10/17/82,9.797,,,,,,
,,10/19/82,9.836,,,,,,
,,10/21/82,9.847,,,,,,
,,10/23/82,10.067,,,,,,
,,10/25/82,10.198,,,,,,
,,10/27/82,10.423,,,,,,
,,10/29/82,10.564,,,,,,
,,10/31/82,10.615,,,,,,
,,11/2/82,10.817,,,,,,
,,11/4/82,10.893,,,,,,
,,11/6/82,11.131,,,,,,
,,11/8/82,11.03,,,,,,
,,11/10/82,11.203,,,,,,
,,11/12/82,11.348,,,,,,
,,11/14/82,11.573,,,,,,
,,11/16/82,11.792,,,,,,
,,11/18/82,11.774,,,,,,
,,11/20/82,11.698,,,,,,
,,11/22/82,11.854,,,,,,
,,11/24/82,11.929,,,,,,
,,11/26/82,12.192,,,,,,
,,11/28/82,12.483,,,,,,
,,11/30/82,12.695,,,,,,
,,12/2/82,12.822,,,,,,
,,12/4/82,12.866,,,,,,
,,12/6/82,12.963,,,,,,
,,12/8/82,13.223,,,,,,
,,12/10/82,13.351,,,,,,
,,12/12/82,13.503,,,,,,
,,12/14/82,13.606,,,,,,
,,12/16/82,13.84,,,,,,
,,12/18/82,13.895,,,,,,
,,12/20/82,14.016,,,,,,
,,12/22/82,13.963,,,,,,
,,12/24/82,14.093,,,,,,
,,12/26/82,14.183,,,,,,
,,12/28/82,14.144,,,,,,
,,12/30/82,14.159,,,,,,
,,1/1/83,14.253,,,,,,
,,1/3/83,14.306,,,,,,
,,1/5/83,14.494,,,,,,
,,1/7/83,14.467,,,,,,
,,1/9/83,14.615,,,,,,
,,1/11/83,14.648,,,,,,
,,1/13/83,14.622,,,,,,
,,1/15/83,14.916,,,,,,
,,1/17/83,15.014,,,,,,
,,1/19/83,15.052,,,,,,
,,1/21/83,15.314,,,,,,
,,1/23/83,15.396,,,,,,
,,1/25/83,15.347,,,,,,
,,1/27/83,15.401,,,,,,
,,1/29/83,15.554,,,,,,
,,1/31/83,15.68,,,,,,
,,2/2/83,15.737,,,,,,
,,2/4/83,15.719,,,,,,
,,2/6/83,15.695,,,,,,
,,2/8/83,15.822,,,,,,
,,2/10/83,15.791,,,,,,
,,2/12/83,15.999,,,,,,
,,2/14/83,16.056,,,,,,
,,2/16/83,15.971,,,,,,
,,2/18/83,16.056,,,,,,
,,2/20/83,16.167,,,,,,
,,2/22/83,16.238,,,,,,
,,2/24/83,16.28,,,,,,
,,2/26/83,16.352,,,,,,
,,2/28/83,16.203,,,,,,
,,3/2/83,16.049,,,,,,
,,3/4/83,15.958,,,,,,
,,3/6/83,15.971,,,,,,
,,3/8/83,16.101,,,,,,
,,3/10/83,16.172,,,,,,
,,3/12/83,16.349,,,,,,
,,3/14/83,16.412,,,,,,
,,3/16/83,16.214,,,,,,
,,3/18/83,16.069,,,,,,
,,3/20/83,16.212,,,,,,
,,3/22/83,16.057,,,,,,
,,3/24/83,15.976,,,,,,
,,3/26/83,15.964,,,,,,
,,3/28/83,15.926,,,,,,
,,3/30/83,15.849,,,,,,
,,4/1/83,15.886,,,,,,
,,4/3/83,15.914,,,,,,
,,4/5/83,15.734,,,,,,
,,4/7/83,15.706,,,,,,
,,4/9/83,15.528,,,,,,
,,4/11/83,15.574,,,,,,
,,4/13/83,15.317,,,,,,
,,4/15/83,15.145,,,,,,
,,4/17/83,15.063,,,,,,
,,4/19/83,14.839,,,,,,
,,4/21/83,14.819,,,,,,
,,4/23/83,14.695,,,,,,
,,4/25/83,14.553,,,,,,
,,4/27/83,14.442,,,,,,
,,4/29/83,14.366,,,,,,
,,5/1/83,14.045,,,,,,
,,5/3/83,13.929,,,,,,
,,5/5/83,13.935,,,,,,
,,5/7/83,13.787,,,,,,
,,5/9/83,13.703,,,,,,
,,5/11/83,13.64,,,,,,
,,5/13/83,13.587,,,,,,
,,5/15/83,13.502,,,,,,
,,5/17/83,13.433,,,,,,
,,5/19/83,13.319,,,,,,
,,5/21/83,13.313,,,,,,
,,5/23/83,13.27,,,,,,
,,5/25/83,13.209,,,,,,
,,5/27/83,13.132,,,,,,
,,5/29/83,13.052,,,,,,
,,5/31/83,13.005,,,,,,
,,6/2/83,12.837,,,,,,
,,6/4/83,12.764,,,,,,
,,6/6/83,12.69,,,,,,
,,6/8/83,12.59,,,,,,
,,6/10/83,12.54,,,,,,
,,6/12/83,12.412,,,,,,
,,6/14/83,12.311,,,,,,
,,6/16/83,12.276,,,,,,
,,6/18/83,12.146,,,,,,
,,6/20/83,12.16,,,,,,
,,6/22/83,12.111,,,,,,
,,6/24/83,11.965,,,,,,
,,6/26/83,11.989,,,,,,
,,6/28/83,11.896,,,,,,
,,6/30/83,11.748,,,,,,
,,7/2/83,11.515,,,,,,
,,7/4/83,11.398,,,,,,
,,7/6/83,11.261,,,,,,
,,7/8/83,11.233,,,,,,
,,7/10/83,11.108,,,,,,
,,7/12/83,11.088,,,,,,
,,7/14/83,10.913,,,,,,
,,7/16/83,10.767,,,,,,
,,7/18/83,10.491,,,,,,
,,7/20/83,10.214,,,,,,
,,7/22/83,10.076,,,,,,
,,7/24/83,9.911,,,,,,
,,7/26/83,9.655,,,,,,
,,7/28/83,9.56,,,,,,
,,7/30/83,9.364,,,,,,
,,8/1/83,9.224,,,,,,
,,8/3/83,9.046,,,,,,
,,8/5/83,8.935,,,,,,
,,8/7/83,8.731,,,,,,
,,8/9/83,8.638,,,,,,
,,8/11/83,8.46,,,,,,
,,8/13/83,8.32,,,,,,
,,8/15/83,8.073,,,,,,
,,8/17/83,7.948,,,,,,
,,8/19/83,7.899,,,,,,
,,8/21/83,7.903,,,,,,
,,8/23/83,7.777,,,,,,
,,8/25/83,7.639,,,,,,
,,8/27/83,7.534,,,,,,
,,8/29/83,7.445,,,,,,
,,8/31/83,7.402,,,,,,
,,9/2/83,7.321,,,,,,
,,9/4/83,7.314,,,,,,
,,9/6/83,7.243,,,,,,
,,9/8/83,7.204,,,,,,
,,9/10/83,7.238,,,,,,
,,9/12/83,7.305,,,,,,
,,9/14/83,7.246,,,,,,
,,9/16/83,7.261,,,,,,
,,9/18/83,7.322,,,,,,
,,9/20/83,7.499,,,,,,
,,9/22/83,7.412,,,,,,
,,9/24/83,7.425,,,,,,
,,9/26/83,7.519,,,,,,
,,9/28/83,7.731,,,,,,
,,9/30/83,7.879,,,,,,
,,10/2/83,8.143,,,,,,
,,10/4/83,8.38,,,,,,
,,10/6/83,8.638,,,,,,
,,10/8/83,8.774,,,,,,
,,10/10/83,8.943,,,,,,
,,10/12/83,9.123,,,,,,
,,10/14/83,9.205,,,,,,
,,10/16/83,9.453,,,,,,
,,10/18/83,9.585,,,,,,
,,10/20/83,9.673,,,,,,
,,10/22/83,9.878,,,,,,
,,10/24/83,10.085,,,,,,
,,10/26/83,9.558,,,,,,
,,10/28/83,10.259,,,,,,
,,10/30/83,10.314,,,,,,
,,11/1/83,10.549,,,,,,
,,11/3/83,10.737,,,,,,
,,11/5/83,10.883,,,,,,
,,11/7/83,10.84,,,,,,
,,11/9/83,10.956,,,,,,
,,11/11/83,11.172,,,,,,
,,11/13/83,11.322,,,,,,
,,11/15/83,11.473,,,,,,
,,11/17/83,11.635,,,,,,
,,11/19/83,11.802,,,,,,
,,11/21/83,11.9,,,,,,
,,11/23/83,11.934,,,,,,
,,11/25/83,12.167,,,,,,
,,11/27/83,12.208,,,,,,
,,11/29/83,12.337,,,,,,
,,12/1/83,12.769,,,,,,
,,12/3/83,12.664,,,,,,
,,12/5/83,12.877,,,,,,
,,12/7/83,13.042,,,,,,
,,12/9/83,13.043,,,,,,
,,12/11/83,13.192,,,,,,
,,12/13/83,13.344,,,,,,
,,12/15/83,13.366,,,,,,
,,12/17/83,13.325,,,,,,
,,12/19/83,13.322,,,,,,
,,12/21/83,13.326,,,,,,
,,12/23/83,13.539,,,,,,
,,12/25/83,13.54,,,,,,
,,12/27/83,13.664,,,,,,
,,12/29/83,13.855,,,,,,
,,12/31/83,13.907,,,,,,
,,1/2/84,14.103,,,,,,
,,1/4/84,14.237,,,,,,
,,1/6/84,14.262,,,,,,
,,1/8/84,14.303,,,,,,
,,1/10/84,14.387,,,,,,
,,1/12/84,14.37,,,,,,
,,1/14/84,14.388,,,,,,
,,1/16/84,14.411,,,,,,
,,1/18/84,14.302,,,,,,
,,1/20/84,14.505,,,,,,
,,1/22/84,14.626,,,,,,
,,1/24/84,14.703,,,,,,
,,1/26/84,14.788,,,,,,
,,1/28/84,14.821,,,,,,
,,1/30/84,14.893,,,,,,
,,2/1/84,15.026,,,,,,
,,2/3/84,15.107,,,,,,
,,2/5/84,15.107,,,,,,
,,2/7/84,15.08,,,,,,
,,2/9/84,14.988,,,,,,
,,2/11/84,15.181,,,,,,
,,2/13/84,15.178,,,,,,
,,2/15/84,15.335,,,,,,
,,2/17/84,15.427,,,,,,
,,2/19/84,15.47,,,,,,
,,2/21/84,15.456,,,,,,
,,2/23/84,15.467,,,,,,
,,2/25/84,15.534,,,,,,
,,2/27/84,15.561,,,,,,
,,2/29/84,15.567,,,,,,
,,3/2/84,15.431,,,,,,
,,3/4/84,15.483,,,,,,
,,3/6/84,15.554,,,,,,
,,3/8/84,15.57,,,,,,
,,3/10/84,15.587,,,,,,
,,3/12/84,15.58,,,,,,
,,3/14/84,15.676,,,,,,
,,3/16/84,15.764,,,,,,
,,3/18/84,15.809,,,,,,
,,3/20/84,15.78,,,,,,
,,3/22/84,15.614,,,,,,
,,3/24/84,15.479,,,,,,
,,3/26/84,15.486,,,,,,
,,3/28/84,15.504,,,,,,
,,3/30/84,15.446,,,,,,
,,4/1/84,15.389,,,,,,
,,4/3/84,15.335,,,,,,
,,4/5/84,15.268,,,,,,
,,4/7/84,15.16,,,,,,
,,4/9/84,15.321,,,,,,
,,4/11/84,15.287,,,,,,
,,4/13/84,15.107,,,,,,
,,4/15/84,15.085,,,,,,
,,4/17/84,15.037,,,,,,
,,4/19/84,14.973,,,,,,
,,4/21/84,14.897,,,,,,
,,4/23/84,14.699,,,,,,
,,4/25/84,14.678,,,,,,
,,4/27/84,14.608,,,,,,
,,4/29/84,14.373,,,,,,
,,5/1/84,14.194,,,,,,
,,5/3/84,14.009,,,,,,
,,5/5/84,13.976,,,,,,
,,5/7/84,13.907,,,,,,
,,5/9/84,13.816,,,,,,
,,5/11/84,13.724,,,,,,
,,5/13/84,13.764,,,,,,
,,5/15/84,13.621,,,,,,
,,5/17/84,13.451,,,,,,
,,5/19/84,13.487,,,,,,
,,5/21/84,13.367,,,,,,
,,5/23/84,13.401,,,,,,
,,5/25/84,13.289,,,,,,
,,5/27/84,13.192,,,,,,
,,5/29/84,13.035,,,,,,
,,5/31/84,12.994,,,,,,
,,6/2/84,12.828,,,,,,
,,6/4/84,12.644,,,,,,
,,6/6/84,12.526,,,,,,
,,6/8/84,12.439,,,,,,
,,6/10/84,12.354,,,,,,
,,6/12/84,12.294,,,,,,
,,6/14/84,12.254,,,,,,
,,6/16/84,12.192,,,,,,
,,6/18/84,12.079,,,,,,
,,6/20/84,12.018,,,,,,
,,6/22/84,11.966,,,,,,
,,6/24/84,11.877,,,,,,
,,6/26/84,11.783,,,,,,
,,6/28/84,11.582,,,,,,
,,6/30/84,11.439,,,,,,
,,7/2/84,11.202,,,,,,
,,7/4/84,10.989,,,,,,
,,7/6/84,10.807,,,,,,
,,7/8/84,10.699,,,,,,
,,7/10/84,10.477,,,,,,
,,7/12/84,10.183,,,,,,
,,7/14/84,10.117,,,,,,
,,7/16/84,9.929,,,,,,
,,7/18/84,9.711,,,,,,
,,7/20/84,9.629,,,,,,
,,7/22/84,9.472,,,,,,
,,7/24/84,9.368,,,,,,
,,7/26/84,9.298,,,,,,
,,7/28/84,8.875,,,,,,
,,7/30/84,8.907,,,,,,
,,8/1/84,8.745,,,,,,
,,8/3/84,8.496,,,,,,
,,8/5/84,8.303,,,,,,
,,8/7/84,8.189,,,,,,
,,8/9/84,8.027,,,,,,
,,8/11/84,8.002,,,,,,
,,8/13/84,7.918,,,,,,
,,8/15/84,7.816,,,,,,
,,8/17/84,7.698,,,,,,
,,8/19/84,7.548,,,,,,
,,8/21/84,7.461,,,,,,
,,8/23/84,7.401,,,,,,
,,8/25/84,7.346,,,,,,
,,8/27/84,7.272,,,,,,
,,8/29/84,7.057,,,,,,
,,8/31/84,7.058,,,,,,
,,9/2/84,6.828,,,,,,
,,9/4/84,6.697,,,,,,
,,9/6/84,6.528,,,,,,
,,9/8/84,6.509,,,,,,
,,9/10/84,6.501,,,,,,
,,9/12/84,6.422,,,,,,
,,9/14/84,6.461,,,,,,
,,9/16/84,6.396,,,,,,
,,9/18/84,6.514,,,,,,
,,9/20/84,6.728,,,,,,
,,9/22/84,6.974,,,,,,
,,9/24/84,7.178,,,,,,
,,9/26/84,7.338,,,,,,
,,9/28/84,7.455,,,,,,
,,9/30/84,7.549,,,,,,
,,10/2/84,7.745,,,,,,
,,10/4/84,7.947,,,,,,
,,10/6/84,8.057,,,,,,
,,10/8/84,8.227,,,,,,
,,10/10/84,8.188,,,,,,
,,10/12/84,8.26,,,,,,
,,10/14/84,8.334,,,,,,
,,10/16/84,8.354,,,,,,
,,10/18/84,8.513,,,,,,
,,10/20/84,8.638,,,,,,
,,10/22/84,8.933,,,,,,
,,10/24/84,9.116,,,,,,
,,10/26/84,9.266,,,,,,
,,10/28/84,9.398,,,,,,
,,10/30/84,9.433,,,,,,
,,11/1/84,9.565,,,,,,
,,11/3/84,9.819,,,,,,
,,11/5/84,9.969,,,,,,
,,11/7/84,10.081,,,,,,
,,11/9/84,10.224,,,,,,
,,11/11/84,10.558,,,,,,
,,11/13/84,10.578,,,,,,
,,11/15/84,10.795,,,,,,
,,11/17/84,11.072,,,,,,
,,11/19/84,11.219,,,,,,
,,11/21/84,11.518,,,,,,
,,11/23/84,11.641,,,,,,
,,11/25/84,11.812,,,,,,
,,11/27/84,11.903,,,,,,
,,11/29/84,11.869,,,,,,
,,12/1/84,11.968,,,,,,
,,12/3/84,12.263,,,,,,
,,12/5/84,12.397,,,,,,
,,12/7/84,12.712,,,,,,
,,12/9/84,12.738,,,,,,
,,12/11/84,12.837,,,,,,
,,12/13/84,13.018,,,,,,
,,12/15/84,13.124,,,,,,
,,12/17/84,13.025,,,,,,
,,12/19/84,13.24,,,,,,
,,12/21/84,13.202,,,,,,
,,12/23/84,13.307,,,,,,
,,12/25/84,13.323,,,,,,
,,12/27/84,13.394,,,,,,
,,12/29/84,13.494,,,,,,
,,12/31/84,13.789,,,,,,
,,1/2/85,14.045,,,,,,
,,1/4/85,14.24,,,,,,
,,1/6/85,14.406,,,,,,
,,1/8/85,14.432,,,,,,
,,1/10/85,14.455,,,,,,
,,1/12/85,14.584,,,,,,
,,1/14/85,14.568,,,,,,
,,1/16/85,14.71,,,,,,
,,1/18/85,14.88,,,,,,
,,1/20/85,14.906,,,,,,
,,1/22/85,14.945,,,,,,
,,1/24/85,15.036,,,,,,
,,1/26/85,15.186,,,,,,
,,1/28/85,15.313,,,,,,
,,1/30/85,15.167,,,,,,
,,2/1/85,15.252,,,,,,
,,2/3/85,15.298,,,,,,
,,2/5/85,15.445,,,,,,
,,2/7/85,15.441,,,,,,
,,2/9/85,15.549,,,,,,
,,2/11/85,15.447,,,,,,
,,2/13/85,15.448,,,,,,
,,2/15/85,15.554,,,,,,
,,2/17/85,15.473,,,,,,
,,2/19/85,15.368,,,,,,
,,2/21/85,15.498,,,,,,
,,2/23/85,15.447,,,,,,
,,2/25/85,15.568,,,,,,
,,2/27/85,15.732,,,,,,
,,3/1/85,15.791,,,,,,
,,3/3/85,15.698,,,,,,
,,3/5/85,15.706,,,,,,
,,3/7/85,15.681,,,,,,
,,3/9/85,15.575,,,,,,
,,3/11/85,15.614,,,,,,
,,3/13/85,15.914,,,,,,
,,3/15/85,16.094,,,,,,
,,3/17/85,16.163,,,,,,
,,3/19/85,16.059,,,,,,
,,3/21/85,16.044,,,,,,
,,3/23/85,16.063,,,,,,
,,3/25/85,16.027,,,,,,
,,3/27/85,16.019,,,,,,
,,3/29/85,15.957,,,,,,
,,3/31/85,15.77,,,,,,
,,4/2/85,15.58,,,,,,
,,4/4/85,15.576,,,,,,
,,4/6/85,15.535,,,,,,
,,4/8/85,15.459,,,,,,
,,4/10/85,15.445,,,,,,
,,4/12/85,15.524,,,,,,
,,4/14/85,15.432,,,,,,
,,4/16/85,15.511,,,,,,
,,4/18/85,15.454,,,,,,
,,4/20/85,15.252,,,,,,
,,4/22/85,15.226,,,,,,
,,4/24/85,15.225,,,,,,
,,4/26/85,15.109,,,,,,
,,4/28/85,15.065,,,,,,
,,4/30/85,14.955,,,,,,
,,5/2/85,14.714,,,,,,
,,5/4/85,14.655,,,,,,
,,5/6/85,14.56,,,,,,
,,5/8/85,14.394,,,,,,
,,5/10/85,14.32,,,,,,
,,5/12/85,14.282,,,,,,
,,5/14/85,14.172,,,,,,
,,5/16/85,14.077,,,,,,
,,5/18/85,13.914,,,,,,
,,5/20/85,13.896,,,,,,
,,5/22/85,13.868,,,,,,
,,5/24/85,13.705,,,,,,
,,5/26/85,13.625,,,,,,
,,5/28/85,13.58,,,,,,
,,5/30/85,13.339,,,,,,
,,6/1/85,13.063,,,,,,
,,6/3/85,12.935,,,,,,
,,6/5/85,12.783,,,,,,
,,6/7/85,12.731,,,,,,
,,6/9/85,12.674,,,,,,
,,6/11/85,12.475,,,,,,
,,6/13/85,12.303,,,,,,
,,6/15/85,12.217,,,,,,
,,6/17/85,12.109,,,,,,
,,6/19/85,11.88,,,,,,
,,6/21/85,11.81,,,,,,
,,6/23/85,11.805,,,,,,
,,6/25/85,11.61,,,,,,
,,6/27/85,11.498,,,,,,
,,6/29/85,11.393,,,,,,
,,7/1/85,11.135,,,,,,
,,7/3/85,10.926,,,,,,
,,7/5/85,10.791,,,,,,
,,7/7/85,10.652,,,,,,
,,7/9/85,10.382,,,,,,
,,7/11/85,10.399,,,,,,
,,7/13/85,10.112,,,,,,
,,7/15/85,9.839,,,,,,
,,7/17/85,9.702,,,,,,
,,7/19/85,9.441,,,,,,
,,7/21/85,9.213,,,,,,
,,7/23/85,9.114,,,,,,
,,7/25/85,8.851,,,,,,
,,7/27/85,8.656,,,,,,
,,7/29/85,8.4,,,,,,
,,7/31/85,8.3,,,,,,
,,8/2/85,8.152,,,,,,
,,8/4/85,8.074,,,,,,
,,8/6/85,7.995,,,,,,
,,8/8/85,7.754,,,,,,
,,8/10/85,7.639,,,,,,
,,8/12/85,7.525,,,,,,
,,8/14/85,7.442,,,,,,
,,8/16/85,7.331,,,,,,
,,8/18/85,7.212,,,,,,
,,8/20/85,7.19,,,,,,
,,8/22/85,7.139,,,,,,
,,8/24/85,7.012,,,,,,
,,8/26/85,6.907,,,,,,
,,8/28/85,6.863,,,,,,
,,8/30/85,6.793,,,,,,
,,9/1/85,6.724,,,,,,
,,9/3/85,6.61,,,,,,
,,9/5/85,6.505,,,,,,
,,9/7/85,6.496,,,,,,
,,9/9/85,6.486,,,,,,
,,9/11/85,6.495,,,,,,
,,9/13/85,6.558,,,,,,
,,9/15/85,6.568,,,,,,
,,9/17/85,6.657,,,,,,
,,9/19/85,6.725,,,,,,
,,9/21/85,6.745,,,,,,
,,9/23/85,6.799,,,,,,
,,9/25/85,6.993,,,,,,
,,9/27/85,6.992,,,,,,
,,9/29/85,7.112,,,,,,
,,10/1/85,7.365,,,,,,
,,10/3/85,7.585,,,,,,
,,10/5/85,7.642,,,,,,
,,10/7/85,7.985,,,,,,
,,10/9/85,8.013,,,,,,
,,10/11/85,8.129,,,,,,
,,10/13/85,8.442,,,,,,
,,10/15/85,8.562,,,,,,
,,10/17/85,8.708,,,,,,
,,10/19/85,8.699,,,,,,
,,10/21/85,8.783,,,,,,
,,10/23/85,8.959,,,,,,
,,10/25/85,9.116,,,,,,
,,10/27/85,9.33,,,,,,
,,10/29/85,9.566,,,,,,
,,10/31/85,9.851,,,,,,
,,11/2/85,10.219,,,,,,
,,11/4/85,10.238,,,,,,
,,11/6/85,10.37,,,,,,
,,11/8/85,10.471,,,,,,
,,11/10/85,10.47,,,,,,
,,11/12/85,10.77,,,,,,
,,11/14/85,10.992,,,,,,
,,11/16/85,11.083,,,,,,
,,11/18/85,11.041,,,,,,
,,11/20/85,11.255,,,,,,
,,11/22/85,11.442,,,,,,
,,11/24/85,11.597,,,,,,
,,11/26/85,11.723,,,,,,
,,11/28/85,11.77,,,,,,
,,11/30/85,11.927,,,,,,
,,12/2/85,12.305,,,,,,
,,12/4/85,12.314,,,,,,
,,12/6/85,12.469,,,,,,
,,12/8/85,12.619,,,,,,
,,12/10/85,12.734,,,,,,
,,12/12/85,12.771,,,,,,
,,12/14/85,12.818,,,,,,
,,12/16/85,13.065,,,,,,
,,12/18/85,13.263,,,,,,
,,12/20/85,13.271,,,,,,
,,12/22/85,13.45,,,,,,
,,12/24/85,13.642,,,,,,
,,12/26/85,13.756,,,,,,
,,12/28/85,13.571,,,,,,
,,12/30/85,13.701,,,,,,
,,1/1/86,14.036,,,,,,
,,1/3/86,14.292,,,,,,
,,1/5/86,14.489,,,,,,
,,1/7/86,14.533,,,,,,
,,1/9/86,14.628,,,,,,
,,1/11/86,14.795,,,,,,
,,1/13/86,14.901,,,,,,
,,1/15/86,14.991,,,,,,
,,1/17/86,14.981,,,,,,
,,1/19/86,15.159,,,,,,
,,1/21/86,15.252,,,,,,
,,1/23/86,15.214,,,,,,
,,1/25/86,15.322,,,,,,
,,1/27/86,15.241,,,,,,
,,1/29/86,15.194,,,,,,
,,1/31/86,15.206,,,,,,
,,2/2/86,15.331,,,,,,
,,2/4/86,15.427,,,,,,
,,2/6/86,15.546,,,,,,
,,2/8/86,15.724,,,,,,
,,2/10/86,15.802,,,,,,
,,2/12/86,15.845,,,,,,
,,2/14/86,15.724,,,,,,
,,2/16/86,15.836,,,,,,
,,2/18/86,15.949,,,,,,
,,2/20/86,15.913,,,,,,
,,2/22/86,15.966,,,,,,
,,2/24/86,16.008,,,,,,
,,2/26/86,15.934,,,,,,
,,2/28/86,15.983,,,,,,
,,3/2/86,16.02,,,,,,
,,3/4/86,16.023,,,,,,
,,3/6/86,16.031,,,,,,
,,3/8/86,16.084,,,,,,
,,3/10/86,16.158,,,,,,
,,3/12/86,16.14,,,,,,
,,3/14/86,16.018,,,,,,
,,3/16/86,16.02,,,,,,
,,3/18/86,15.941,,,,,,
,,3/20/86,15.791,,,,,,
,,3/22/86,15.772,,,,,,
,,3/24/86,15.74,,,,,,
,,3/26/86,15.672,,,,,,
,,3/28/86,15.589,,,,,,
,,3/30/86,15.643,,,,,,
,,4/1/86,15.636,,,,,,
,,4/3/86,15.629,,,,,,
,,4/5/86,15.427,,,,,,
,,4/7/86,15.302,,,,,,
,,4/9/86,15.292,,,,,,
,,4/11/86,15.182,,,,,,
,,4/13/86,15.13,,,,,,
,,4/15/86,15.019,,,,,,
,,4/17/86,15.008,,,,,,
,,4/19/86,14.872,,,,,,
,,4/21/86,14.858,,,,,,
,,4/23/86,14.703,,,,,,
,,4/25/86,14.681,,,,,,
,,4/27/86,14.629,,,,,,
,,4/29/86,14.514,,,,,,
,,5/1/86,14.275,,,,,,
,,5/3/86,14.12,,,,,,
,,5/5/86,13.925,,,,,,
,,5/7/86,13.81,,,,,,
,,5/9/86,13.602,,,,,,
,,5/11/86,13.492,,,,,,
,,5/13/86,13.424,,,,,,
,,5/15/86,13.338,,,,,,
,,5/17/86,13.264,,,,,,
,,5/19/86,13.215,,,,,,
,,5/21/86,13.192,,,,,,
,,5/23/86,13.078,,,,,,
,,5/25/86,12.977,,,,,,
,,5/27/86,12.83,,,,,,
,,5/29/86,12.781,,,,,,
,,5/31/86,12.75,,,,,,
,,6/2/86,12.567,,,,,,
,,6/4/86,12.412,,,,,,
,,6/6/86,12.26,,,,,,
,,6/8/86,12.13,,,,,,
,,6/10/86,12.191,,,,,,
,,6/12/86,12.158,,,,,,
,,6/14/86,11.999,,,,,,
,,6/16/86,11.921,,,,,,
,,6/18/86,11.965,,,,,,
,,6/20/86,11.861,,,,,,
,,6/22/86,11.837,,,,,,
,,6/24/86,11.797,,,,,,
,,6/26/86,11.637,,,,,,
,,6/28/86,11.547,,,,,,
,,6/30/86,11.357,,,,,,
,,7/2/86,11.147,,,,,,
,,7/4/86,11.162,,,,,,
,,7/6/86,11.031,,,,,,
,,7/8/86,10.882,,,,,,
,,7/10/86,10.723,,,,,,
,,7/12/86,10.571,,,,,,
,,7/14/86,10.461,,,,,,
,,7/16/86,10.211,,,,,,
,,7/18/86,10.01,,,,,,
,,7/20/86,9.759,,,,,,
,,7/22/86,9.574,,,,,,
,,7/24/86,9.323,,,,,,
,,7/26/86,9.256,,,,,,
,,7/28/86,9.111,,,,,,
,,7/30/86,8.976,,,,,,
,,8/1/86,8.762,,,,,,
,,8/3/86,8.649,,,,,,
,,8/5/86,8.51,,,,,,
,,8/7/86,8.373,,,,,,
,,8/9/86,8.2,,,,,,
,,8/11/86,8.042,,,,,,
,,8/13/86,7.934,,,,,,
,,8/15/86,7.912,,,,,,
,,8/17/86,7.908,,,,,,
,,8/19/86,7.799,,,,,,
,,8/21/86,7.706,,,,,,
,,8/23/86,7.722,,,,,,
,,8/25/86,7.661,,,,,,
,,8/27/86,7.577,,,,,,
,,8/29/86,7.498,,,,,,
,,8/31/86,7.42,,,,,,
,,9/2/86,7.229,,,,,,
,,9/4/86,7.21,,,,,,
,,9/6/86,7.122,,,,,,
,,9/8/86,7.192,,,,,,
,,9/10/86,7.187,,,,,,
,,9/12/86,7.214,,,,,,
,,9/14/86,7.3,,,,,,
,,9/16/86,7.328,,,,,,
,,9/18/86,7.398,,,,,,
,,9/20/86,7.443,,,,,,
,,9/22/86,7.537,,,,,,
,,9/24/86,7.529,,,,,,
,,9/26/86,7.724,,,,,,
,,9/28/86,7.773,,,,,,
,,9/30/86,7.974,,,,,,
,,10/2/86,8.338,,,,,,
,,10/4/86,8.659,,,,,,
,,10/6/86,8.827,,,,,,
,,10/8/86,9.025,,,,,,
,,10/10/86,9.12,,,,,,
,,10/12/86,9.267,,,,,,
,,10/14/86,9.4,,,,,,
,,10/16/86,9.528,,,,,,
,,10/18/86,9.725,,,,,,
,,10/20/86,9.897,,,,,,
,,10/22/86,9.986,,,,,,
,,10/24/86,10.005,,,,,,
,,10/26/86,10.024,,,,,,
,,10/28/86,10.141,,,,,,
,,10/30/86,10.317,,,,,,
,,11/1/86,10.473,,,,,,
,,11/3/86,10.506,,,,,,
,,11/5/86,10.639,,,,,,
,,11/7/86,10.874,,,,,,
,,11/9/86,11.03,,,,,,
,,11/11/86,11.093,,,,,,
,,11/13/86,11.484,,,,,,
,,11/15/86,11.741,,,,,,
,,11/17/86,11.735,,,,,,
,,11/19/86,11.796,,,,,,
,,11/21/86,11.832,,,,,,
,,11/23/86,11.959,,,,,,
,,11/25/86,12.142,,,,,,
,,11/27/86,12.227,,,,,,
,,11/29/86,12.268,,,,,,
,,12/1/86,12.591,,,,,,
,,12/3/86,12.649,,,,,,
,,12/5/86,12.717,,,,,,
,,12/7/86,12.775,,,,,,
,,12/9/86,12.822,,,,,,
,,12/11/86,12.88,,,,,,
,,12/13/86,12.903,,,,,,
,,12/15/86,13.03,,,,,,
,,12/17/86,13.17,,,,,,
,,12/19/86,13.373,,,,,,
,,12/21/86,13.523,,,,,,
,,12/23/86,13.672,,,,,,
,,12/25/86,13.695,,,,,,
,,12/27/86,13.766,,,,,,
,,12/29/86,13.904,,,,,,
,,12/31/86,14.089,,,,,,
,,1/2/87,14.305,,,,,,
,,1/4/87,14.417,,,,,,
,,1/6/87,14.515,,,,,,
,,1/8/87,14.688,,,,,,
,,1/10/87,14.692,,,,,,
,,1/12/87,14.771,,,,,,
,,1/14/87,14.732,,,,,,
,,1/16/87,14.797,,,,,,
,,1/18/87,14.943,,,,,,
,,1/20/87,15.022,,,,,,
,,1/22/87,15.299,,,,,,
,,1/24/87,15.408,,,,,,
,,1/26/87,15.55,,,,,,
,,1/28/87,15.621,,,,,,
,,1/30/87,15.787,,,,,,
,,2/1/87,15.81,,,,,,
,,2/3/87,15.898,,,,,,
,,2/5/87,15.877,,,,,,
,,2/7/87,15.94,,,,,,
,,2/9/87,15.934,,,,,,
,,2/11/87,15.9,,,,,,
,,2/13/87,15.952,,,,,,
,,2/15/87,15.977,,,,,,
,,2/17/87,16.169,,,,,,
,,2/19/87,16.136,,,,,,
,,2/21/87,16.293,,,,,,
,,2/23/87,16.275,,,,,,
,,2/25/87,16.276,,,,,,
,,2/27/87,16.265,,,,,,
,,3/1/87,16.059,,,,,,
,,3/3/87,15.874,,,,,,
,,3/5/87,15.936,,,,,,
,,3/7/87,15.78,,,,,,
,,3/9/87,15.713,,,,,,
,,3/11/87,15.778,,,,,,
,,3/13/87,15.844,,,,,,
,,3/15/87,15.902,,,,,,
,,3/17/87,15.886,,,,,,
,,3/19/87,15.75,,,,,,
,,3/21/87,15.78,,,,,,
,,3/23/87,15.778,,,,,,
,,3/25/87,15.708,,,,,,
,,3/27/87,15.754,,,,,,
,,3/29/87,15.804,,,,,,
,,3/31/87,15.709,,,,,,
,,4/2/87,15.626,,,,,,
,,4/4/87,15.506,,,,,,
,,4/6/87,15.539,,,,,,
,,4/8/87,15.541,,,,,,
,,4/10/87,15.573,,,,,,
,,4/12/87,15.408,,,,,,
,,4/14/87,15.374,,,,,,
,,4/16/87,15.414,,,,,,
,,4/18/87,15.247,,,,,,
,,4/20/87,15.151,,,,,,
,,4/22/87,14.991,,,,,,
,,4/24/87,14.869,,,,,,
,,4/26/87,14.742,,,,,,
,,4/28/87,14.629,,,,,,
,,4/30/87,14.553,,,,,,
,,5/2/87,14.292,,,,,,
,,5/4/87,14.241,,,,,,
,,5/6/87,14.118,,,,,,
,,5/8/87,13.996,,,,,,
,,5/10/87,13.932,,,,,,
,,5/12/87,13.886,,,,,,
,,5/14/87,13.806,,,,,,
,,5/16/87,13.735,,,,,,
,,5/18/87,13.72,,,,,,
,,5/20/87,13.596,,,,,,
,,5/22/87,13.406,,,,,,
,,5/24/87,13.417,,,,,,
,,5/26/87,13.423,,,,,,
,,5/28/87,13.342,,,,,,
,,5/30/87,13.234,,,,,,
,,6/1/87,13.042,,,,,,
,,6/3/87,12.995,,,,,,
,,6/5/87,12.866,,,,,,
,,6/7/87,12.739,,,,,,
,,6/9/87,12.677,,,,,,
,,6/11/87,12.658,,,,,,
,,6/13/87,12.553,,,,,,
,,6/15/87,12.482,,,,,,
,,6/17/87,12.474,,,,,,
,,6/19/87,12.396,,,,,,
,,6/21/87,12.288,,,,,,
,,6/23/87,12.217,,,,,,
,,6/25/87,12.067,,,,,,
,,6/27/87,11.956,,,,,,
,,6/29/87,11.875,,,,,,
,,7/1/87,11.423,,,,,,
,,7/3/87,11.329,,,,,,
,,7/5/87,11.232,,,,,,
,,7/7/87,11.126,,,,,,
,,7/9/87,11.021,,,,,,
,,7/11/87,10.819,,,,,,
,,7/13/87,10.632,,,,,,
,,7/15/87,10.525,,,,,,
,,7/17/87,10.312,,,,,,
,,7/19/87,10.068,,,,,,
,,7/21/87,9.89,,,,,,
,,7/23/87,9.711,,,,,,
,,7/25/87,9.62,,,,,,
,,7/27/87,9.469,,,,,,
,,7/29/87,9.165,,,,,,
,,7/31/87,8.979,,,,,,
,,8/2/87,8.67,,,,,,
,,8/4/87,8.371,,,,,,
,,8/6/87,8.242,,,,,,
,,8/8/87,8.165,,,,,,
,,8/10/87,8.072,,,,,,
,,8/12/87,7.793,,,,,,
,,8/14/87,7.557,,,,,,
,,8/16/87,7.382,,,,,,
,,8/18/87,7.39,,,,,,
,,8/20/87,7.319,,,,,,
,,8/21/87,7.21,,,,,,
,,8/22/87,7.21,,,,,,
,,8/23/87,7.265,,,,,,
,,8/24/87,7.216,,,,,,
,,8/25/87,7.157,,,,,,
,,8/26/87,7.145,,,,,,
,,8/27/87,7.079,,,,,,
,,8/28/87,7.123,,,,,,
,,8/29/87,7.041,,,,,,
,,8/30/87,7.019,,,,,,
,,8/31/87,7.072,,,,,,
,,9/1/87,6.967,,,,,,
,,9/2/87,6.89,,,,,,
,,9/3/87,6.909,,,,,,
,,9/4/87,7.008,,,,,,
,,9/5/87,7.041,,,,,,
,,9/6/87,7.059,,,,,,
,,9/7/87,7.087,,,,,,
,,9/8/87,7.041,,,,,,
,,9/9/87,7.145,,,,,,
,,9/10/87,7.106,,,,,,
,,9/11/87,7.121,,,,,,
,,9/12/87,7.127,,,,,,
,,9/13/87,7.174,,,,,,
,,9/14/87,7.19,,,,,,
,,9/15/87,7.177,,,,,,
,,9/16/87,7.117,,,,,,
,,9/17/87,7.223,,,,,,
,,9/18/87,7.205,,,,,,
,,9/19/87,7.233,,,,,,
,,9/20/87,7.353,,,,,,
,,9/21/87,7.397,,,,,,
,,9/22/87,7.459,,,,,,
,,9/23/87,7.51,,,,,,
,,9/24/87,7.571,,,,,,
,,9/25/87,7.648,,,,,,
,,9/26/87,7.665,,,,,,
,,9/27/87,7.653,,,,,,
,,9/28/87,7.694,,,,,,
,,9/29/87,7.757,,,,,,
,,9/30/87,7.834,,,,,,
,,10/1/87,8.039,,,,,,
,,10/2/87,8.221,,,,,,
,,10/3/87,8.311,,,,,,
,,10/4/87,8.508,,,,,,
,,10/5/87,8.486,,,,,,
,,10/6/87,8.587,,,,,,
,,10/7/87,8.635,,,,,,
,,10/8/87,8.675,,,,,,
,,10/9/87,8.691,,,,,,
,,10/10/87,8.851,,,,,,
,,10/11/87,8.874,,,,,,
,,10/12/87,8.837,,,,,,
,,10/13/87,8.984,,,,,,
,,10/14/87,9.088,,,,,,
,,10/15/87,8.996,,,,,,
,,10/16/87,8.997,,,,,,
,,10/17/87,9.04,,,,,,
,,10/18/87,9.046,,,,,,
,,10/19/87,9.141,,,,,,
,,10/20/87,9.228,,,,,,
,,10/21/87,9.322,,,,,,
,,10/22/87,9.441,,,,,,
,,10/23/87,9.471,,,,,,
,,10/24/87,9.498,,,,,,
,,10/25/87,9.468,,,,,,
,,10/26/87,9.448,,,,,,
,,10/27/87,9.478,,,,,,
,,10/28/87,9.587,,,,,,
,,10/29/87,9.709,,,,,,
,,10/30/87,9.867,,,,,,
,,10/31/87,9.988,,,,,,
,,11/1/87,10.163,,,,,,
,,11/2/87,10.214,,,,,,
,,11/3/87,10.256,,,,,,
,,11/4/87,10.297,,,,,,
,,11/5/87,10.381,,,,,,
,,11/6/87,10.404,,,,,,
,,11/7/87,10.482,,,,,,
,,11/8/87,10.599,,,,,,
,,11/9/87,10.679,,,,,,
,,11/10/87,10.771,,,,,,
,,11/11/87,10.89,,,,,,
,,11/12/87,10.973,,,,,,
,,11/13/87,11.139,,,,,,
,,11/14/87,11.203,,,,,,
,,11/15/87,11.302,,,,,,
,,11/16/87,11.436,,,,,,
,,11/17/87,11.508,,,,,,
,,11/18/87,11.448,,,,,,
,,11/19/87,11.485,,,,,,
,,11/20/87,11.592,,,,,,
,,11/21/87,11.635,,,,,,
,,11/22/87,11.712,,,,,,
,,11/23/87,11.745,,,,,,
,,11/24/87,11.847,,,,,,
,,11/25/87,11.934,,,,,,
,,11/26/87,12.003,,,,,,
,,11/27/87,12.073,,,,,,
,,11/28/87,12.137,,,,,,
,,11/29/87,12.185,,,,,,
,,11/30/87,12.228,,,,,,
,,12/1/87,12.497,,,,,,
,,12/2/87,12.584,,,,,,
,,1/13/88,14.826,,,,,,
,,1/14/88,14.854,,,,,,
,,1/15/88,14.973,,,,,,
,,1/16/88,14.987,,,,,,
,,1/17/88,15,,,,,,
,,1/18/88,15.051,,,,,,
,,1/19/88,15.047,,,,,,
,,1/20/88,15.049,,,,,,
,,1/21/88,15.113,,,,,,
,,1/22/88,15.09,,,,,,
,,1/23/88,15.085,,,,,,
,,1/24/88,15.022,,,,,,
,,1/25/88,15.02,,,,,,
,,1/26/88,15.115,,,,,,
,,1/27/88,15.163,,,,,,
,,1/28/88,15.241,,,,,,
,,1/29/88,15.278,,,,,,
,,1/30/88,15.362,,,,,,
,,1/31/88,15.443,,,,,,
,,2/1/88,15.56,,,,,,
,,2/2/88,15.568,,,,,,
,,2/3/88,15.462,,,,,,
,,2/4/88,15.479,,,,,,
,,2/5/88,15.413,,,,,,
,,2/6/88,15.448,,,,,,
,,2/7/88,15.313,,,,,,
,,2/8/88,15.309,,,,,,
,,2/9/88,15.276,,,,,,
,,2/10/88,15.304,,,,,,
,,2/11/88,15.292,,,,,,
,,2/12/88,15.326,,,,,,
,,2/13/88,15.332,,,,,,
,,2/14/88,15.363,,,,,,
,,2/15/88,15.379,,,,,,
,,2/16/88,15.476,,,,,,
,,2/17/88,15.443,,,,,,
,,2/18/88,15.471,,,,,,
,,2/19/88,15.546,,,,,,
,,2/20/88,15.639,,,,,,
,,2/21/88,15.73,,,,,,
,,2/22/88,15.831,,,,,,
,,2/23/88,16.015,,,,,,
,,2/24/88,15.906,,,,,,
,,2/25/88,15.836,,,,,,
,,2/26/88,15.962,,,,,,
,,2/27/88,16.017,,,,,,
,,2/28/88,16.111,,,,,,
,,2/29/88,16.111,,,,,,
,,3/1/88,16.129,,,,,,
,,3/2/88,16.162,,,,,,
,,3/3/88,16.179,,,,,,
,,3/4/88,16.099,,,,,,
,,3/5/88,16.137,,,,,,
,,3/6/88,16.169,,,,,,
,,3/7/88,16.24,,,,,,
,,3/8/88,16.247,,,,,,
,,3/9/88,16.244,,,,,,
,,3/10/88,16.309,,,,,,
,,3/11/88,16.296,,,,,,
,,3/12/88,16.276,,,,,,
,,3/13/88,16.182,,,,,,
,,3/14/88,16.013,,,,,,
,,3/15/88,15.983,,,,,,
,,3/16/88,15.96,,,,,,
,,3/17/88,15.847,,,,,,
,,3/18/88,15.871,,,,,,
,,3/19/88,15.835,,,,,,
,,3/20/88,15.815,,,,,,
,,3/21/88,15.758,,,,,,
,,3/22/88,15.861,,,,,,
,,3/23/88,15.781,,,,,,
,,3/24/88,15.743,,,,,,
,,3/25/88,15.702,,,,,,
,,3/26/88,15.748,,,,,,
,,3/27/88,15.737,,,,,,
,,3/28/88,15.676,,,,,,
,,3/29/88,15.63,,,,,,
,,3/30/88,15.522,,,,,,
,,3/31/88,15.523,,,,,,
,,4/1/88,15.523,,,,,,
,,4/2/88,15.562,,,,,,
,,4/3/88,15.598,,,,,,
,,4/4/88,15.601,,,,,,
,,4/5/88,15.534,,,,,,
,,4/6/88,15.514,,,,,,
,,4/7/88,15.536,,,,,,
,,4/8/88,15.49,,,,,,
,,4/9/88,15.489,,,,,,
,,4/10/88,15.447,,,,,,
,,4/11/88,15.341,,,,,,
,,4/12/88,15.273,,,,,,
,,4/13/88,15.193,,,,,,
,,4/14/88,15.179,,,,,,
,,4/15/88,15.164,,,,,,
,,4/16/88,15.152,,,,,,
,,4/17/88,15.107,,,,,,
,,4/18/88,15.031,,,,,,
,,4/19/88,15.062,,,,,,
,,4/20/88,15.037,,,,,,
,,4/21/88,14.91,,,,,,
,,4/22/88,14.917,,,,,,
,,4/23/88,14.829,,,,,,
,,4/24/88,14.62,,,,,,
,,4/25/88,14.617,,,,,,
,,4/26/88,14.584,,,,,,
,,4/27/88,14.637,,,,,,
,,4/28/88,14.635,,,,,,
,,4/29/88,14.578,,,,,,
,,4/30/88,14.54,,,,,,
,,5/1/88,14.362,,,,,,
,,5/2/88,14.318,,,,,,
,,5/3/88,14.298,,,,,,
,,5/4/88,14.234,,,,,,
,,5/5/88,14.159,,,,,,
,,5/6/88,14.112,,,,,,
,,5/7/88,14.057,,,,,,
,,5/8/88,14.02,,,,,,
,,5/9/88,13.957,,,,,,
,,5/10/88,13.909,,,,,,
,,5/11/88,13.827,,,,,,
,,5/12/88,13.765,,,,,,
,,5/13/88,13.696,,,,,,
,,5/14/88,13.657,,,,,,
,,5/15/88,13.599,,,,,,
,,5/16/88,13.589,,,,,,
,,5/17/88,13.513,,,,,,
,,5/18/88,13.486,,,,,,
,,5/19/88,13.391,,,,,,
,,5/20/88,13.289,,,,,,
,,5/21/88,13.224,,,,,,
,,5/22/88,13.17,,,,,,
,,5/23/88,13.125,,,,,,
,,5/24/88,13.098,,,,,,
,,5/25/88,13.078,,,,,,
,,5/26/88,13.034,,,,,,
,,5/27/88,12.983,,,,,,
,,5/28/88,12.918,,,,,,
,,5/29/88,12.871,,,,,,
,,5/30/88,12.828,,,,,,
,,5/31/88,12.82,,,,,,
,,6/1/88,12.608,,,,,,
,,6/2/88,12.527,,,,,,
,,6/3/88,12.448,,,,,,
,,6/4/88,12.451,,,,,,
,,6/5/88,12.454,,,,,,
,,6/6/88,12.411,,,,,,
,,6/7/88,12.384,,,,,,
,,6/8/88,12.336,,,,,,
,,6/9/88,12.211,,,,,,
,,6/10/88,12.177,,,,,,
,,6/11/88,12.183,,,,,,
,,6/12/88,12.116,,,,,,
,,6/13/88,12.048,,,,,,
,,6/14/88,12.044,,,,,,
,,6/15/88,12.045,,,,,,
,,6/16/88,11.961,,,,,,
,,6/17/88,11.978,,,,,,
,,6/18/88,11.869,,,,,,
,,6/19/88,11.803,,,,,,
,,6/20/88,11.739,,,,,,
,,6/21/88,11.752,,,,,,
,,6/22/88,11.693,,,,,,
,,6/23/88,11.571,,,,,,
,,6/24/88,11.543,,,,,,
,,6/25/88,11.635,,,,,,
,,6/26/88,11.39,,,,,,
,,6/27/88,11.376,,,,,,
,,6/28/88,11.267,,,,,,
,,6/29/88,11.145,,,,,,
,,6/30/88,11.138,,,,,,
,,7/1/88,10.98,,,,,,
,,7/2/88,10.919,,,,,,
,,7/3/88,10.885,,,,,,
,,7/4/88,10.769,,,,,,
,,7/5/88,10.712,,,,,,
,,7/6/88,10.61,,,,,,
,,7/7/88,10.49,,,,,,
,,7/8/88,10.387,,,,,,
,,7/9/88,10.306,,,,,,
,,7/10/88,10.267,,,,,,
,,7/11/88,10.218,,,,,,
,,7/12/88,10.141,,,,,,
,,7/13/88,9.982,,,,,,
,,7/14/88,9.939,,,,,,
,,7/15/88,9.765,,,,,,
,,7/16/88,9.738,,,,,,
,,7/17/88,9.719,,,,,,
,,7/18/88,9.673,,,,,,
,,7/19/88,9.568,,,,,,
,,7/20/88,9.527,,,,,,
,,7/21/88,9.459,,,,,,
,,7/22/88,9.376,,,,,,
,,7/23/88,9.191,,,,,,
,,7/24/88,9.045,,,,,,
,,7/25/88,9.095,,,,,,
,,7/26/88,9.09,,,,,,
,,7/27/88,8.995,,,,,,
,,7/28/88,8.925,,,,,,
,,7/29/88,8.803,,,,,,
,,7/30/88,8.778,,,,,,
,,7/31/88,8.717,,,,,,
,,8/1/88,8.588,,,,,,
,,8/2/88,8.518,,,,,,
,,8/3/88,8.478,,,,,,
,,8/4/88,8.427,,,,,,
,,8/5/88,8.382,,,,,,
,,8/6/88,8.413,,,,,,
,,8/7/88,8.355,,,,,,
,,8/8/88,8.399,,,,,,
,,8/9/88,8.27,,,,,,
,,8/10/88,8.107,,,,,,
,,8/11/88,8.114,,,,,,
,,8/12/88,8.017,,,,,,
,,8/13/88,8.005,,,,,,
,,8/14/88,7.949,,,,,,
,,8/15/88,7.922,,,,,,
,,8/16/88,7.865,,,,,,
,,8/17/88,7.84,,,,,,
,,8/18/88,7.731,,,,,,
,,8/19/88,7.719,,,,,,
,,8/20/88,7.735,,,,,,
,,8/21/88,7.719,,,,,,
,,8/22/88,7.635,,,,,,
,,8/23/88,7.524,,,,,,
,,8/24/88,7.5,,,,,,
,,8/25/88,7.372,,,,,,
,,8/26/88,7.442,,,,,,
,,8/27/88,7.442,,,,,,
,,8/28/88,7.298,,,,,,
,,8/29/88,7.264,,,,,,
,,8/30/88,7.302,,,,,,
,,8/31/88,7.307,,,,,,
,,9/1/88,7.189,,,,,,
,,9/2/88,7.217,,,,,,
,,9/3/88,7.205,,,,,,
,,9/4/88,7.183,,,,,,
,,9/5/88,7.18,,,,,,
,,9/6/88,7.181,,,,,,
,,9/7/88,7.213,,,,,,
,,9/8/88,7.144,,,,,,
,,9/9/88,7.175,,,,,,
,,9/10/88,7.121,,,,,,
,,9/11/88,7.048,,,,,,
,,9/12/88,7.144,,,,,,
,,9/13/88,7.198,,,,,,
,,9/14/88,7.208,,,,,,
,,9/15/88,7.276,,,,,,
,,9/16/88,7.294,,,,,,
,,9/17/88,7.394,,,,,,
,,9/18/88,7.409,,,,,,
,,9/19/88,7.438,,,,,,
,,9/20/88,7.449,,,,,,
,,9/21/88,7.455,,,,,,
,,9/22/88,7.462,,,,,,
,,9/23/88,7.5,,,,,,
,,9/24/88,7.477,,,,,,
,,9/25/88,7.57,,,,,,
,,9/26/88,7.653,,,,,,
,,9/27/88,7.669,,,,,,
,,9/28/88,7.766,,,,,,
,,9/29/88,7.873,,,,,,
,,9/30/88,7.979,,,,,,
,,10/1/88,8.069,,,,,,
,,10/2/88,8.185,,,,,,
,,10/3/88,8.155,,,,,,
,,10/4/88,8.232,,,,,,
,,10/5/88,8.305,,,,,,
,,10/6/88,8.482,,,,,,
,,10/7/88,8.575,,,,,,
,,10/8/88,8.649,,,,,,
,,10/9/88,8.675,,,,,,
,,10/10/88,8.77,,,,,,
,,10/11/88,8.81,,,,,,
,,10/12/88,8.868,,,,,,
,,10/13/88,8.959,,,,,,
,,10/14/88,9.171,,,,,,
,,10/15/88,9.289,,,,,,
,,10/16/88,9.358,,,,,,
,,10/17/88,9.34,,,,,,
,,10/18/88,9.34,,,,,,
,,10/19/88,9.377,,,,,,
,,10/20/88,9.421,,,,,,
,,10/21/88,9.445,,,,,,
,,10/22/88,9.537,,,,,,
,,10/23/88,9.561,,,,,,
,,10/24/88,9.61,,,,,,
,,10/25/88,9.7,,,,,,
,,10/26/88,9.797,,,,,,
,,10/27/88,9.828,,,,,,
,,10/28/88,9.8,,,,,,
,,10/29/88,9.879,,,,,,
,,10/30/88,9.978,,,,,,
,,10/31/88,10.021,,,,,,
,,11/1/88,10.162,,,,,,
,,11/2/88,10.21,,,,,,
,,11/3/88,10.36,,,,,,
,,11/4/88,10.373,,,,,,
,,11/5/88,10.391,,,,,,
,,11/6/88,10.436,,,,,,
,,11/7/88,10.555,,,,,,
,,11/8/88,10.642,,,,,,
,,11/9/88,10.767,,,,,,
,,11/10/88,10.895,,,,,,
,,11/11/88,10.951,,,,,,
,,11/12/88,11.069,,,,,,
,,11/13/88,11.175,,,,,,
,,11/14/88,11.297,,,,,,
,,11/15/88,11.397,,,,,,
,,11/16/88,11.512,,,,,,
,,11/17/88,11.511,,,,,,
,,11/18/88,11.523,,,,,,
,,11/19/88,11.574,,,,,,
,,11/20/88,11.667,,,,,,
,,11/21/88,11.761,,,,,,
,,11/22/88,11.913,,,,,,
,,11/23/88,11.997,,,,,,
,,11/24/88,12.055,,,,,,
,,11/25/88,12.096,,,,,,
,,11/26/88,12.116,,,,,,
,,11/27/88,12.203,,,,,,
,,11/28/88,12.326,,,,,,
,,11/29/88,12.465,,,,,,
,,11/30/88,12.526,,,,,,
,,12/1/88,12.699,,,,,,
,,12/2/88,12.704,,,,,,
,,12/3/88,12.827,,,,,,
,,12/4/88,12.905,,,,,,
,,12/5/88,13.008,,,,,,
,,12/6/88,13.117,,,,,,
,,12/7/88,13.181,,,,,,
,,12/8/88,13.292,,,,,,
,,12/9/88,13.303,,,,,,
,,12/10/88,13.374,,,,,,
,,12/11/88,13.437,,,,,,
,,12/12/88,13.512,,,,,,
,,12/13/88,13.629,,,,,,
,,12/14/88,13.695,,,,,,
,,12/15/88,13.746,,,,,,
,,12/16/88,13.749,,,,,,
,,12/17/88,13.778,,,,,,
,,12/18/88,13.747,,,,,,
,,12/19/88,13.819,,,,,,
,,12/20/88,13.815,,,,,,
,,12/21/88,13.919,,,,,,
,,12/22/88,13.976,,,,,,
,,12/23/88,14.099,,,,,,
,,12/24/88,14.071,,,,,,
,,12/25/88,14.103,,,,,,
,,12/26/88,14.124,,,,,,
,,12/27/88,14.116,,,,,,
,,12/28/88,14.115,,,,,,
,,12/29/88,14.141,,,,,,
,,12/30/88,14.18,,,,,,
,,12/31/88,14.211,,,,,,
,,1/1/89,14.261,,,,,,
,,1/2/89,14.313,,,,,,
,,1/3/89,14.402,,,,,,
,,1/4/89,14.417,,,,,,
,,1/5/89,14.381,,,,,,
,,1/6/89,14.359,,,,,,
,,1/7/89,14.42,,,,,,
,,1/8/89,14.548,,,,,,
,,1/9/89,14.701,,,,,,
,,1/10/89,14.755,,,,,,
,,1/11/89,14.819,,,,,,
,,1/12/89,14.886,,,,,,
,,1/13/89,14.921,,,,,,
,,1/14/89,14.997,,,,,,
,,1/15/89,15.011,,,,,,
,,1/16/89,14.956,,,,,,
,,1/17/89,15.012,,,,,,
,,1/18/89,15.08,,,,,,
,,1/19/89,15.166,,,,,,
,,1/20/89,15.165,,,,,,
,,1/21/89,15.265,,,,,,
,,1/22/89,15.288,,,,,,
,,1/23/89,15.378,,,,,,
,,1/24/89,15.369,,,,,,
,,1/25/89,15.38,,,,,,
,,1/26/89,15.373,,,,,,
,,1/27/89,15.43,,,,,,
,,1/28/89,15.502,,,,,,
,,1/29/89,15.364,,,,,,
,,1/30/89,15.319,,,,,,
,,1/31/89,15.361,,,,,,
,,2/1/89,15.386,,,,,,
,,2/2/89,15.427,,,,,,
,,2/3/89,15.454,,,,,,
,,2/4/89,15.378,,,,,,
,,2/5/89,15.482,,,,,,
,,2/6/89,15.463,,,,,,
,,2/7/89,15.485,,,,,,
,,2/8/89,15.515,,,,,,
,,2/9/89,15.577,,,,,,
,,2/10/89,15.594,,,,,,
,,2/11/89,15.473,,,,,,
,,2/12/89,15.383,,,,,,
,,2/13/89,15.424,,,,,,
,,2/14/89,15.465,,,,,,
,,2/15/89,15.503,,,,,,
,,2/16/89,15.368,,,,,,
,,2/17/89,15.314,,,,,,
,,2/18/89,15.396,,,,,,
,,2/19/89,15.455,,,,,,
,,2/20/89,15.469,,,,,,
,,2/21/89,15.467,,,,,,
,,2/22/89,15.534,,,,,,
,,2/23/89,15.571,,,,,,
,,2/24/89,15.638,,,,,,
,,2/25/89,15.664,,,,,,
,,2/26/89,15.655,,,,,,
,,2/27/89,15.68,,,,,,
,,2/28/89,15.655,,,,,,
,,3/1/89,15.557,,,,,,
,,3/2/89,15.607,,,,,,
,,3/3/89,15.686,,,,,,
,,3/4/89,15.72,,,,,,
,,3/5/89,15.689,,,,,,
,,3/6/89,15.766,,,,,,
,,3/7/89,15.646,,,,,,
,,3/8/89,15.564,,,,,,
,,3/9/89,15.442,,,,,,
,,3/10/89,15.388,,,,,,
,,3/11/89,15.409,,,,,,
,,3/12/89,15.295,,,,,,
,,3/13/89,15.367,,,,,,
,,3/14/89,15.385,,,,,,
,,3/15/89,15.413,,,,,,
,,3/16/89,15.338,,,,,,
,,3/17/89,15.295,,,,,,
,,3/18/89,15.308,,,,,,
,,3/19/89,15.4,,,,,,
,,3/20/89,15.431,,,,,,
,,3/21/89,15.464,,,,,,
,,3/22/89,15.397,,,,,,
,,3/23/89,15.362,,,,,,
,,3/24/89,15.329,,,,,,
,,3/25/89,15.283,,,,,,
,,3/26/89,15.235,,,,,,
,,3/27/89,15.238,,,,,,
,,3/28/89,15.302,,,,,,
,,3/29/89,15.277,,,,,,
,,3/30/89,15.281,,,,,,
,,3/31/89,15.248,,,,,,
,,4/1/89,15.116,,,,,,
,,4/2/89,14.993,,,,,,
,,4/3/89,14.933,,,,,,
,,4/4/89,15.029,,,,,,
,,4/5/89,15.012,,,,,,
,,4/6/89,14.968,,,,,,
,,4/7/89,14.857,,,,,,
,,4/8/89,14.772,,,,,,
,,4/9/89,14.724,,,,,,
,,4/10/89,14.656,,,,,,
,,4/11/89,14.648,,,,,,
,,4/12/89,14.591,,,,,,
,,4/13/89,14.516,,,,,,
,,4/14/89,14.349,,,,,,
,,4/15/89,14.37,,,,,,
,,4/16/89,14.265,,,,,,
,,4/17/89,14.239,,,,,,
,,4/18/89,14.064,,,,,,
,,4/19/89,14.004,,,,,,
,,4/20/89,13.996,,,,,,
,,4/21/89,13.959,,,,,,
,,4/22/89,13.963,,,,,,
,,4/23/89,13.929,,,,,,
,,4/24/89,13.898,,,,,,
,,4/25/89,13.794,,,,,,
,,4/26/89,13.754,,,,,,
,,4/27/89,13.679,,,,,,
,,4/28/89,13.627,,,,,,
,,4/29/89,13.577,,,,,,
,,4/30/89,13.57,,,,,,
,,5/1/89,13.363,,,,,,
,,5/2/89,13.342,,,,,,
,,5/3/89,13.369,,,,,,
,,5/4/89,13.319,,,,,,
,,5/5/89,13.252,,,,,,
,,5/6/89,13.25,,,,,,
,,5/7/89,13.24,,,,,,
,,5/8/89,13.247,,,,,,
,,5/9/89,13.189,,,,,,
,,5/10/89,13.187,,,,,,
,,5/11/89,13.122,,,,,,
,,5/12/89,13.094,,,,,,
,,5/13/89,13.058,,,,,,
,,5/14/89,13.084,,,,,,
,,5/15/89,13.051,,,,,,
,,5/16/89,13.008,,,,,,
,,5/17/89,12.975,,,,,,
,,5/18/89,12.922,,,,,,
,,5/19/89,13.027,,,,,,
,,5/20/89,12.96,,,,,,
,,5/21/89,12.923,,,,,,
,,5/22/89,12.886,,,,,,
,,5/23/89,12.874,,,,,,
,,5/24/89,12.856,,,,,,
,,5/25/89,12.878,,,,,,
,,5/26/89,12.849,,,,,,
,,5/27/89,12.853,,,,,,
,,5/28/89,12.807,,,,,,
,,5/29/89,12.823,,,,,,
,,5/30/89,12.766,,,,,,
,,5/31/89,12.794,,,,,,
,,6/1/89,12.729,,,,,,
,,6/2/89,12.687,,,,,,
,,6/3/89,12.643,,,,,,
,,6/4/89,12.638,,,,,,
,,6/5/89,12.641,,,,,,
,,6/6/89,12.601,,,,,,
,,6/7/89,12.561,,,,,,
,,6/8/89,12.541,,,,,,
,,6/9/89,12.506,,,,,,
,,6/10/89,12.452,,,,,,
,,6/11/89,12.422,,,,,,
,,6/12/89,12.455,,,,,,
,,6/13/89,12.414,,,,,,
,,6/14/89,12.341,,,,,,
,,6/15/89,12.336,,,,,,
,,6/16/89,12.308,,,,,,
,,6/17/89,12.235,,,,,,
,,6/18/89,12.233,,,,,,
,,6/19/89,12.171,,,,,,
,,6/20/89,12.118,,,,,,
,,6/21/89,12.066,,,,,,
,,6/22/89,11.966,,,,,,
,,6/23/89,11.957,,,,,,
,,6/24/89,11.927,,,,,,
,,6/25/89,11.892,,,,,,
,,6/26/89,11.804,,,,,,
,,6/27/89,11.749,,,,,,
,,6/28/89,11.692,,,,,,
,,6/29/89,11.635,,,,,,
,,6/30/89,11.616,,,,,,
,,7/1/89,11.34,,,,,,
,,7/2/89,11.277,,,,,,
,,7/3/89,11.128,,,,,,
,,7/4/89,11.164,,,,,,
,,7/5/89,11.068,,,,,,
,,7/6/89,11.002,,,,,,
,,7/7/89,10.914,,,,,,
,,7/8/89,10.86,,,,,,
,,7/9/89,10.861,,,,,,
,,7/10/89,10.711,,,,,,
,,7/11/89,10.633,,,,,,
,,7/12/89,10.597,,,,,,
,,7/13/89,10.514,,,,,,
,,7/14/89,10.3,,,,,,
,,7/15/89,10.199,,,,,,
,,7/16/89,10.165,,,,,,
,,7/17/89,10.104,,,,,,
,,7/18/89,9.99,,,,,,
,,7/19/89,9.837,,,,,,
,,7/20/89,9.662,,,,,,
,,7/21/89,9.627,,,,,,
,,7/22/89,9.607,,,,,,
,,7/23/89,9.497,,,,,,
,,7/24/89,9.419,,,,,,
,,7/25/89,9.338,,,,,,
,,7/26/89,9.304,,,,,,
,,7/27/89,9.13,,,,,,
,,7/28/89,9.099,,,,,,
,,7/29/89,8.953,,,,,,
,,7/30/89,8.861,,,,,,
,,7/31/89,8.86,,,,,,
,,8/1/89,8.83,,,,,,
,,8/2/89,8.765,,,,,,
,,8/3/89,8.69,,,,,,
,,8/4/89,8.548,,,,,,
,,8/5/89,8.474,,,,,,
,,8/6/89,8.417,,,,,,
,,8/7/89,8.319,,,,,,
,,8/8/89,8.295,,,,,,
,,8/9/89,8.237,,,,,,
,,8/10/89,8.195,,,,,,
,,8/11/89,8.113,,,,,,
,,8/12/89,8.048,,,,,,
,,8/13/89,8.02,,,,,,
,,8/14/89,7.93,,,,,,
,,8/15/89,7.887,,,,,,
,,8/16/89,7.906,,,,,,
,,8/17/89,7.844,,,,,,
,,8/18/89,7.783,,,,,,
,,8/19/89,7.605,,,,,,
,,8/20/89,7.527,,,,,,
,,8/21/89,7.469,,,,,,
,,8/22/89,7.407,,,,,,
,,8/23/89,7.443,,,,,,
,,8/24/89,7.457,,,,,,
,,8/25/89,7.459,,,,,,
,,8/26/89,7.475,,,,,,
,,8/27/89,7.354,,,,,,
,,8/28/89,7.351,,,,,,
,,8/29/89,7.182,,,,,,
,,8/30/89,7.157,,,,,,
,,8/31/89,7.148,,,,,,
,,9/1/89,7.088,,,,,,
,,9/2/89,7.075,,,,,,
,,9/3/89,7.082,,,,,,
,,9/4/89,7.003,,,,,,
,,9/5/89,6.998,,,,,,
,,9/6/89,6.991,,,,,,
,,9/7/89,6.959,,,,,,
,,9/8/89,6.98,,,,,,
,,9/9/89,6.95,,,,,,
,,9/10/89,6.907,,,,,,
,,9/11/89,6.903,,,,,,
,,9/12/89,6.922,,,,,,
,,9/13/89,6.908,,,,,,
,,9/14/89,6.907,,,,,,
,,9/15/89,6.894,,,,,,
,,9/16/89,6.968,,,,,,
,,9/17/89,6.95,,,,,,
,,9/18/89,6.964,,,,,,
,,9/19/89,6.976,,,,,,
,,9/20/89,6.901,,,,,,
,,9/21/89,6.918,,,,,,
,,9/22/89,6.888,,,,,,
,,9/23/89,6.917,,,,,,
,,9/24/89,6.979,,,,,,
,,9/25/89,7.053,,,,,,
,,9/26/89,7.197,,,,,,
,,9/27/89,7.229,,,,,,
,,9/28/89,7.267,,,,,,
,,9/29/89,7.213,,,,,,
,,9/30/89,7.263,,,,,,
,,10/1/89,7.453,,,,,,
,,10/2/89,7.493,,,,,,
,,10/3/89,7.588,,,,,,
,,10/4/89,7.684,,,,,,
,,10/5/89,7.687,,,,,,
,,10/6/89,7.776,,,,,,
,,10/7/89,7.917,,,,,,
,,10/8/89,8.011,,,,,,
,,10/9/89,8.077,,,,,,
,,10/10/89,8.145,,,,,,
,,10/11/89,8.263,,,,,,
,,10/12/89,8.448,,,,,,
,,10/13/89,8.6,,,,,,
,,10/14/89,8.591,,,,,,
,,10/15/89,8.664,,,,,,
,,10/16/89,8.791,,,,,,
,,10/17/89,8.897,,,,,,
,,10/18/89,9.098,,,,,,
,,10/19/89,9.255,,,,,,
,,10/20/89,9.331,,,,,,
,,10/21/89,9.424,,,,,,
,,10/22/89,9.524,,,,,,
,,10/23/89,9.622,,,,,,
,,10/24/89,9.688,,,,,,
,,10/25/89,9.735,,,,,,
,,10/26/89,9.844,,,,,,
,,10/27/89,9.925,,,,,,
,,10/28/89,9.965,,,,,,
,,10/29/89,10.042,,,,,,
,,10/30/89,10.086,,,,,,
,,10/31/89,10.072,,,,,,
,,11/1/89,10.213,,,,,,
,,11/2/89,10.294,,,,,,
,,11/3/89,10.302,,,,,,
,,11/4/89,10.348,,,,,,
,,11/5/89,10.395,,,,,,
,,11/6/89,10.419,,,,,,
,,11/7/89,10.412,,,,,,
,,11/8/89,10.461,,,,,,
,,11/9/89,10.593,,,,,,
,,11/10/89,10.696,,,,,,
,,11/11/89,10.697,,,,,,
,,11/12/89,10.667,,,,,,
,,11/13/89,10.713,,,,,,
,,11/14/89,10.794,,,,,,
,,11/15/89,10.903,,,,,,
,,11/16/89,10.842,,,,,,
,,11/17/89,10.972,,,,,,
,,11/18/89,11.049,,,,,,
,,11/19/89,11.123,,,,,,
,,11/20/89,11.262,,,,,,
,,11/21/89,11.469,,,,,,
,,11/22/89,11.577,,,,,,
,,11/23/89,11.737,,,,,,
,,11/24/89,11.919,,,,,,
,,11/25/89,12.037,,,,,,
,,11/26/89,12.117,,,,,,
,,11/27/89,12.196,,,,,,
,,11/28/89,12.334,,,,,,
,,11/29/89,12.417,,,,,,
,,11/30/89,12.499,,,,,,
,,12/1/89,12.597,,,,,,
,,12/2/89,12.705,,,,,,
,,12/3/89,12.85,,,,,,
,,12/4/89,12.988,,,,,,
,,12/5/89,13.01,,,,,,
,,12/6/89,13.018,,,,,,
,,12/7/89,13.059,,,,,,
,,12/8/89,13.083,,,,,,
,,12/9/89,13.186,,,,,,
,,12/10/89,13.173,,,,,,
,,12/11/89,13.255,,,,,,
,,12/12/89,13.323,,,,,,
,,12/13/89,13.292,,,,,,
,,12/14/89,13.32,,,,,,
,,12/15/89,13.335,,,,,,
,,12/16/89,13.284,,,,,,
,,12/17/89,13.337,,,,,,
,,12/18/89,13.468,,,,,,
,,12/19/89,13.521,,,,,,
,,12/20/89,13.555,,,,,,
,,12/21/89,13.575,,,,,,
,,12/22/89,13.564,,,,,,
,,12/23/89,13.655,,,,,,
,,12/24/89,13.746,,,,,,
,,12/25/89,13.758,,,,,,
,,12/26/89,13.771,,,,,,
,,12/27/89,13.768,,,,,,
,,12/28/89,13.889,,,,,,
,,12/29/89,13.88,,,,,,
,,12/30/89,13.927,,,,,,
,,12/31/89,14.099,,,,,,
,,1/1/90,14.319,,,,,,
,,1/2/90,14.384,,,,,,
,,1/3/90,14.283,,,,,,
,,1/4/90,14.321,,,,,,
,,1/5/90,14.303,,,,,,
,,1/6/90,14.407,,,,,,
,,1/7/90,14.497,,,,,,
,,1/8/90,14.54,,,,,,
,,1/9/90,14.623,,,,,,
,,1/10/90,14.663,,,,,,
,,1/11/90,14.66,,,,,,
,,1/12/90,14.716,,,,,,
,,1/13/90,14.685,,,,,,
,,1/14/90,14.74,,,,,,
,,1/15/90,14.728,,,,,,
,,1/16/90,14.671,,,,,,
,,1/17/90,14.741,,,,,,
,,1/18/90,14.899,,,,,,
,,1/19/90,14.959,,,,,,
,,1/20/90,15.004,,,,,,
,,1/21/90,14.977,,,,,,
,,1/22/90,15.018,,,,,,
,,1/23/90,15.023,,,,,,
,,1/24/90,14.983,,,,,,
,,1/25/90,15.021,,,,,,
,,1/26/90,15.194,,,,,,
,,1/27/90,15.074,,,,,,
,,1/28/90,15.083,,,,,,
,,1/29/90,15.17,,,,,,
,,1/30/90,15.257,,,,,,
,,1/31/90,15.318,,,,,,
,,2/1/90,15.351,,,,,,
,,2/2/90,15.39,,,,,,
,,2/3/90,15.383,,,,,,
,,2/4/90,15.36,,,,,,
,,2/5/90,15.38,,,,,,
,,2/6/90,15.277,,,,,,
,,2/7/90,15.311,,,,,,
,,2/8/90,15.369,,,,,,
,,2/9/90,15.404,,,,,,
,,2/10/90,15.598,,,,,,
,,2/11/90,15.627,,,,,,
,,2/12/90,15.527,,,,,,
,,2/13/90,15.433,,,,,,
,,2/14/90,15.433,,,,,,
,,2/15/90,15.445,,,,,,
,,2/16/90,15.539,,,,,,
,,2/17/90,15.612,,,,,,
,,2/18/90,15.64,,,,,,
,,2/19/90,15.658,,,,,,
,,2/20/90,15.753,,,,,,
,,2/21/90,15.678,,,,,,
,,2/22/90,15.681,,,,,,
,,2/23/90,15.705,,,,,,
,,2/24/90,15.79,,,,,,
,,2/25/90,15.842,,,,,,
,,2/26/90,15.938,,,,,,
,,2/27/90,16.022,,,,,,
,,2/28/90,16.044,,,,,,
,,3/1/90,16.021,,,,,,
,,3/2/90,16.058,,,,,,
,,3/3/90,16.066,,,,,,
,,3/4/90,16.084,,,,,,
,,3/5/90,16.06,,,,,,
,,3/6/90,16.001,,,,,,
,,3/7/90,15.961,,,,,,
,,3/8/90,15.992,,,,,,
,,3/9/90,16.083,,,,,,
,,3/10/90,16.095,,,,,,
,,3/11/90,16.167,,,,,,
,,3/12/90,16.249,,,,,,
,,3/13/90,16.2,,,,,,